Country Name,Country Code,1961,1962,1963,1964,1965,1966,1967,1968,1969,1970,1971,1972,1973,1974,1975,1976,1977,1978,1979,1980,1981,1982,1983,1984,1985,1986,1987,1988,1989,1990,1991,1992,1993,1994,1995,1996,1997,1998,1999,2000,2001,2002,2003,2004,2005,2006,2007,2008,2009,2010,2011,2012
Arab World,ARB,65118.43887,74328.77559,87870.79718,103193.2147,123814.2391,139028.5762,149673.1065,178736.3445,213030.0844,220532.643,250895.2478,272859.6853,318590.7894,310912.0456,307788.4265,373494.5422,395282.7944,425913.3477,456158.4957,508779.1802,497484.9666,476952.0349,508650.7117,554903.0308,587111.911,648119.7513,649375.0718,688260.6418,699352.9764,706969.3213,748681.1976,810302.016,887592.317,908319.7867,877810.3608,870377.449,846735.2838,920191.5278,935582.0455,1067760.727,1040837.613,1061156.46,1163425.423,1221921.407,1302599.074,1352572.95,1422770.331,1510748.995,,,,
Caribbean small states,CSS,8797.323671,11776.29215,5976.30297,10652.29171,11915.8739,11754.25292,14027.96622,14016.94661,14869.12995,20970.32185,25073.29076,25594.88574,30693.29294,29495.82842,31604.24754,34788.91544,38634.76007,37121.40001,37551.16488,38851.47911,32566.627,31620.541,28631.936,28899.627,31976.24,27902.203,29247.992,27154.135,29922.72,32005.576,36589.326,36218.959,32584.962,35844.925,38386.156,39669.606,37810.437,37344.728,41224.414,43457.617,44568.718,46053.853,47197.957,51213.322,50388.247,56031.76,60487.165,71543.17,,,,
East Asia & Pacific (all income levels),EAS,1049577.088,954081.3742,998238.9609,1050505.5,1139112.581,1230145.902,1237557.31,1374382.14,1606114.695,1973716.748,2129147.165,2266542.477,2492251.958,2487835.878,2624192.985,2749552.535,2972392.12,3170500.179,3276018.889,3250234.325,3205966.004,3325289.133,3434600.999,3670470.058,3840891.413,3974578.85,4155549.11,4493833.387,4623534.858,4759929.044,4989592.502,5222604.137,5497662.651,5815535.564,6183831.36,6483817.666,6600677.582,6269337.802,6338018.194,6560793.622,6697771.596,7002161.386,7925675.462,8831180.634,9361048.976,9973087.532,10469414.84,10757083.97,,,,
East Asia & Pacific (developing only),EAP,636255.7784,517482.4475,514652.0433,518872.2034,563970.7599,617270.8334,529305.1594,579817.8916,701290.3838,916350.2105,1031344.714,1093344.571,1145936.499,1162988.604,1331488.607,1394957.638,1538563.731,1709931.232,1752194.201,1728579.292,1718060.16,1854667.172,1956580.812,2108830.417,2281398.613,2394230.374,2552278.365,2739538.294,2791783.438,2895367.61,3088068.457,3247362.952,3482381.993,3694453.975,4027156.487,4235950.851,4298852.041,4048977.446,4078685.159,4227383.152,4375765.617,4615783.234,5508464.627,6353836.845,6892794.561,7491421.64,7938274.134,8259297.797,,,,
Euro area,EMU,,,,,,,,,,,,,,,,,,,,,,,,,,,,,,,2718904.688,2655681.737,2587669.888,2581736.682,2647915.031,5156718.75,2661160.235,2712190.207,2589925.093,2612638.491,2677408.712,2674075.409,2735824.022,2752241.181,2735853.358,2717613.7,2684247.667,2633269.033,,,,
Europe & Central Asia (all income levels),ECS,,,,,,,,,,,,,,,,,,,,,,,,,,,,,,,,7893491.312,7448689.375,6977209.303,6961099.673,7008559.756,6733328.701,6682933.093,6486146.576,6548009.074,6634269.445,6617089.291,6817453.478,6870850.659,6859622.28,6978317.595,6985932.995,6984333.614,,,,
Europe & Central Asia (developing only),ECA,,,,,,,,,,,,,,,,,,,,,,,,,,,,,,,,3892957.481,3549020.556,3103680.316,3012460.298,2948037.079,2767499.296,2693215.942,2665141.182,2711331.415,2715337.898,2726505.373,2835906.965,2874844.399,2891935.299,3002965.416,3070293.205,3130065.103,,,,
European Union,EUU,2429999.986,2570388.998,2745644.318,2860817.703,2957598.027,3046079.798,3115053.777,3295573.105,3497649.058,3728971.218,3821932.556,3973757.882,4176623.437,4116366.035,4038654.836,4302660.288,4288060.409,4429971.855,4618273.656,4489960.896,4238831.619,4143181.508,4083724.029,4056934.36,4162653.175,4152641.239,4231931.64,4176607.955,4304208.526,4134263.66,4232256.77,4125165.981,4031312.783,3986344.362,4071807.464,4177431.732,4063347.695,4069526.59,3870998.877,3888831.498,3974257.93,3945171.286,4036684.938,4050725.881,4023175.71,4037117.644,3980906.201,3906818.133,,,,
Heavily indebted poor countries (HIPC),HPC,20687.11625,20646.24793,21841.48526,23559.35489,27569.94545,28593.60095,30881.54738,35787.23023,39495.83258,43009.14711,46195.42104,47361.13102,50813.85294,51901.84892,51809.33226,50462.28962,52264.51425,54396.0982,55188.04085,59758.36409,58640.76278,59947.09809,60346.77008,58566.74945,62293.32071,54932.69486,61238.63073,66401.06062,70345.97121,62704.0947,61786.32938,63740.28134,67581.57326,68491.93724,73548.19083,77010.58496,80148.14893,76416.29343,76881.39115,78697.487,80773.009,83783.616,91546.655,97949.237,101260.538,104773.524,115858.865,117732.702,,,,
High income,HIC,5804884.47,6073385.961,6414586.914,6742542.628,7039764.1,7348164.419,7676013.148,8083189.953,8604127.48,9356019.487,9542782.334,10023259.96,10634733.06,10360912.69,10030138.31,10566281.03,10803586.01,11102918.87,11377066.58,11118668.27,10650470.19,10250006.27,10239801.34,10510232.12,10629868,10665810.32,10965884.61,11365862.26,11647180.11,11572223.94,11763118.93,11821695.92,12122101.44,12251222.49,12327656.75,12637627.15,12744099.44,12657791.41,12631439.72,12883750.18,12800315.4,12896216.89,13132180.63,13347686.17,13387345.98,13353219.58,13422659.15,13284522.21,,,,
High income: nonOECD,NOC,45294.87416,58207.41762,64249.90193,79910.46905,89871.56399,90691.09763,110597.4511,117581.303,155869.7566,191830.2595,225672.644,255575.7243,298341.9196,294909.3802,288194.747,345411.6564,372103.9068,395807.0369,421216.539,465281.3191,449076.7239,432490.2894,446899.5069,465853.17,495376.2316,548377.609,534662.0352,575195.3944,608214.0753,634125.6672,684211.6506,742303.002,819502.236,846969.3176,777990.4977,786843.5889,782586.9979,823298.8572,839259.1421,972654.2141,949586.7356,980723.1965,1037105.645,1106281.043,1165881.041,1202714.845,1253002.103,1311949.321,,,,
High income: OECD,OEC,5775895.956,6031843.569,6367836.891,6680574.189,6968389.04,7276894.612,7585121.078,7986318.284,8469174.263,9186113.251,9338369.204,9789333.317,10358363,10087253.42,9762416.09,10240900.79,10451268.07,10726954.16,10975608.1,10670726.79,10217878.72,9833370.36,9808193.436,10059810.81,10149206.55,10130305.38,10445542.31,10804725.99,11052673.95,10950607.67,11090147.92,11093668.76,11320223.35,11423024.03,11564753.58,11865707.94,11976011.3,11851223.29,11809771.52,11934944.56,11873573.65,11939726.33,12121697.54,12271105.79,12254105.58,12185077.97,12206639.93,12012813.31,,,,
Latin America & Caribbean (all income levels),LCN,299853.0823,318072.1176,318304.5415,344560.9456,356856.92,375555.7983,403210.4945,430197.9092,465507.5993,513559.3678,541588.9413,568328.937,620350.6558,656305.1349,668507.39,700233.2534,732296.5063,788902.9742,844590.9927,887885.5686,878408.6713,901668.3169,867852.8031,885598.357,904869.5639,939176.1355,986578.307,1010534.243,1028137.659,1030525.007,1049938.61,1071552.171,1101789.42,1154104.957,1180545.684,1226189.703,1282128.829,1332993.483,1363612.716,1352871.624,1388486.626,1398826.707,1418431.261,1440033.373,1485617.428,1523364.907,1593271.951,1676517.286,,,,
Latin America & Caribbean (developing only),LAC,287958.509,302897.867,309142.768,331973.51,342343.786,361929.233,387719.244,414679.028,449178.164,490318.237,514410.427,540640.478,589008.208,624002.389,635421.427,661966.84,689766.367,749032.421,801815.219,842749.94,838342.206,860490.886,829746.758,845958.565,861829.341,898770.699,944703.541,969488.794,985916.954,986162.643,1000988.324,1022616.29,1056239.013,1104760.757,1129395.663,1173190.644,1230373.842,1279944.348,1306317.412,1293413.239,1327633.683,1335459.061,1353970.077,1371058.297,1416045.053,1449359.748,1515098.057,1583854.307,,,,
Least developed countries: UN classification,LDC,23220.13446,26015.90918,25052.35699,27612.09665,31423.37884,32178.17031,33480.39295,46992.33535,44927.95182,46559.63637,47833.86626,48151.41881,52476.7086,52219.87125,50801.68243,49018.71014,50864.9612,53652.94919,57356.61816,60036.66002,59813.3232,60323.27561,62221.6386,64518.28558,67388.16374,67994.89544,71371.00373,75052.33902,74810.39079,74892.28096,76064.79928,81767.3328,79195.23706,80695.31605,95178.80506,102841.0963,104449.3232,98183.55232,106362.1104,111383.641,120315.0342,129719.6138,135335.3573,157399.5803,165086.6139,178134.6333,188258.4786,192312.4473,,,,
Low & middle income,LMY,2138306.791,2047918.745,2113226.086,2214668.767,2400074.087,2583287.283,2537665.477,2784390.621,3088585.67,3543120.569,3866990.406,4077305.656,4362464.709,4511569.269,4844770.339,5140683.878,5536093.494,5967412.155,6228134.374,6260973.15,6300054.995,6681383.527,6936973.441,7307929.135,7748663.667,8094977.463,8540878.477,9037812.03,9246692.845,9396999.31,9765200.376,10163887.4,10142288.94,10093941.62,10428058.12,10728330.59,10733325.84,10559314.79,10666537.58,10972827.07,11200796.12,11514508.1,12714352.9,13796672.47,14525323.03,15427427.8,16204173.71,16853462.44
Low income,LIC,,,,,,,,,,,,,,,,,,,,,,,,,,,,,,,,,,,,,,162643.3377,173631.8578,180229.383,183071.308,181021.455,185839.893,198461.707,206921.476,219748.642,211761.916,221120.1
Lower middle income,LMC,391549.1548,419907.3901,452279.3428,464106.173,528571.9909,558599.2565,543205.0634,602997.9955,622694.4827,662803.9609,713371.5332,751956.135,803590.46,838165.1594,875101.4418,942372.8198,1060941.154,1091259.381,1193712.723,1211992.5,1260213.775,1321120.124,1389712.864,1450793.521,1555642.183,1639180.369,1714143.761,1861484.047,1911662.063,1979833.091,2105875.118,2296942.618,2259472.03,2211333.856,2274678.391,2381758.197,2409027.56,2401130.132,2516547.864,2642184.342,2710748.376,2781445.513,2940453.437,3075829.711,3164317.15,3241365.065,3460096.412,3673809.199
Middle East & North Africa (all income levels),MEA,107465.8304,118368.6927,135915.2575,158234.5758,188208.0254,214161.0489,227983.0974,271998.6917,306880.289,324165.1861,363973.2725,390810.3496,462271.9541,468695.0982,462330.6464,545816.8462,574832.8767,605804.0962,637318.22,646459.5535,627942.117,634776.1075,677419.7682,725408.1009,768169.1462,818860.9953,830331.6815,887105.5254,916642.4506,961200.9491,1010355.792,1093343.107,1158678.697,1246746.569,1211556.837,1206626.679,1195100.969,1294964.38,1309929.407,1464427.451,1457914.859,1491618.256,1632247.706,1717498.122,1809033.776,1899223.641,1953278.888,2072551.73
Middle East & North Africa (developing only),MNA,84607.67698,87748.36091,95963.30405,108305.8984,127586.6157,151611.3802,154231.0629,196428.4997,200075.5088,210950.4938,224643.2887,235041.3007,272032.3935,280823.3733,286811.2193,340478.0229,354046.071,376647.2544,392761.6047,366249.2425,340588.0936,365302.6344,407441.3669,440213.0829,459086.5387,469473.5436,499196.3012,536913.8606,552855.7668,578975.5436,597625.1889,637511.1411,640556.4304,717998.5049,736006.0712,739326.5372,751419.638,822695.117,816263.199,854818.037,872889.013,893655.234,987746.787,1029682.599,1082102.364,1136439.97,1175841.885,1230256.498
Middle income,MIC,2095758.867,2005821.439,2070166.918,2169424.353,2351401.692,2530546.492,2484373.724,2723311.141,3019586.838,3466909.117,3784494.426,3996075.603,4275251.257,4422103.109,4755051.263,5045816.454,5440008.189,5867658.116,6123325.675,6150549.457,6190355.515,6575067.997,6824665.656,7192892.972,7629556.984,7968228.996,8402862.144,8895221.735,9102290.39,9252279.302,9619209.844,10010816.85,9990988.737,9946639.657,10274071.41,10564862.97,10569746.61,10396727.05,10492983.56,10792681.51,11017810.87,11333579,12528622.42,13598331.19,14318529.4,15207814.96,15992561.77,16632497.99
North America,NAC,3074863.841,3194551.054,3330490.411,3493998.274,3643256.175,3821399.035,3977818.587,4135118.219,4332347.814,4670617.563,4709608.774,4946342.96,5152241.343,4988902.162,4803931.348,5012888.009,5140921.314,5295364.353,5328506.699,5150154.82,4948282.803,4701281.017,4732542.192,4877484.034,4888767.393,4878822.489,5096759.633,5323655.258,5392239.159,5330050.506,5319801.241,5344062.113,5645885.549,5682141.178,5698224.64,5811872.304,5985075.715,5928420.565,6006512.997,6050296.977,5917555.244,5960173.118,6025742.745,6120336.677,6158598.155,6064000.556,6126225.879,6005493.571
Not classified,INX,,,,,,,,,,,,,,,,,,,,,,,,,,,,,,,,,,,,,,,,,,,,,,,,
OECD members,OED,5853177.456,6113350.248,6452246.865,6776397.309,7065192.864,7384150.304,7703658.888,8112334.462,8606106.724,9338949.072,9512424.817,9975831.066,10560660.54,10302876.04,9992116.361,10500083.65,10726657.05,11029063.83,11296940.4,11025050.68,10596305.29,10240274.21,10192965.61,10462377.21,10568245.92,10568666.42,10911980.36,11270583.45,11553851.23,11461320.22,11611337.63,11624910.71,11862213.29,11987254.32,12130248.98,12462611.2,12597549.46,12487799.82,12449578.68,12594208.82,12515735.02,12592257.98,12798684.41,12964656.5,12987945.62,12954000.2,13011256.73,12845735.69
Other small states,OSS,,,,,,,,,,,,4789.18878,7596.230029,7788.438275,7812.464305,8681.405748,9622.425282,11312.25611,10879.78755,10655.5446,10407.27562,10503.37974,9230.000115,10006.84177,10791.69211,9642.446975,9149.913346,9522.316821,11576.54244,11468.42531,7951.068068,10247.95436,11516.44383,11820.56118,14681.66519,14221.48763,15914.14077,14585.62814,14825.72078,15497.98018,19963.70337,22564.70701,23156.93553,22668.74716,23745.16251,24728.60342,25075.91527,27123.2272
Pacific island small states,PSS,356.4240931,443.1218455,464.6326147,727.0639989,628.1144606,632.4166144,714.1575374,761.4812296,817.4092295,955.0781524,1062.631998,1118.559998,1204.603075,1269.135383,1239.020306,955.0781524,1424.012921,1299.25046,1522.962459,1510.055998,1884.343382,1587.494767,1471.336613,1316.459075,1402.502152,1359.480613,1217.509537,1368.084921,1518.660305,1768.185228,1622.226542,1555.502571,1618.056294,1676.439768,1772.355476,1851.590192,1668.099272,1634.737286,1776.525724,1812.781351,2203.536443,1921.548233,2784.585251,3035.382333,2751.391519,2699.756826,2681.315864,2489.52986
Small states,SST,10104.74497,13319.36296,7207.898736,12630.21314,14013.44881,14136.74558,17442.6403,18744.96246,19084.02858,26373.95026,31567.06813,32426.06218,40544.12546,39531.77333,41737.39223,45655.92634,51010.22982,50937.09411,51171.89822,52307.42627,45817.59474,44652.74064,40193.23318,41081.29027,45137.13541,39724.21601,40535.38504,38832.31452,43841.57161,46144.36899,47434.47616,49189.1755,46658.87602,50417.849,55912.32329,56887.58288,56396.11348,54603.01809,59026.24268,62041.23012,67856.39674,71634.72069,74290.55146,78274.29762,78148.01172,84829.81197,89690.31885,102811.8252
South Asia,SAS,150105.2073,165267.9021,178480.3682,175444.1804,192534.4079,198869.7675,201119.5074,219922.9405,223562.0008,228226.9569,237602.9787,245538.653,254592.476,263279.599,285607.962,297195.682,351470.949,356080.368,373392.275,393978.813,423641.176,451444.37,488763.429,506497.041,556045.545,594307.023,635098.731,685501.646,744628.354,782042.755,829911.773,882456.216,917861.101,977600.198,1036972.595,1131962.563,1175882.222,1205405.239,1283446.333,1336053.115,1359910.617,1389855.339,1449891.463,1534610.164,1602354.322,1713919.13,1838124.087,1970176.424
Sub-Saharan Africa (all income levels),SSF,130709.3084,135253.2565,141796.4426,155481.1658,172562.7282,175886.3069,182522.3363,187489.8931,202939.9629,223991.0093,257813.906,271821.4055,288838.3408,306573.8345,297682.1357,313125.6125,315719.7924,321026.0693,361972.8396,374722.6439,400078.5408,422191.7129,428938.7914,460334.2633,471893.8402,478180.3043,470817.8451,501255.2392,477148.5283,462711.0331,470887.7283,474351.4927,493122.1484,495528.3593,489347.4693,504534.8262,514948.2771,511507.8232,519368.5604,552612.7749,554655.2363,560528.6929,586764.2017,639798.2762,647224.7395,640512.2177,673876.1008,687172.3405
Sub-Saharan Africa (developing only),SSA,130687.7873,135231.8042,141771.1734,155456.1031,172534.0553,175861.3627,182497.4306,187461.2951,202896.5679,223955.1663,257748.7336,271734.1848,288810.1552,306523.6187,297620.8254,313064.3713,315658.5628,320957.4936,361911.8172,374665.3635,400010.3192,422119.9055,428878.069,460255.2568,471829.6252,478101.3779,470720.461,501150.6215,477032.7479,462591.5031,470687.1676,474136.2081,493021.1788,495493.7282,489217.0396,504419.1985,514655.8837,511340.6564,518895.691,552158.4714,551551.2509,555533.1453,580727.2754,635104.7903,642498.1598,635745.1319,669064.9762,682342.8642
Upper middle income,UMC,1704166.484,1588454.343,1621587.043,1708632.877,1827595.516,1976605.597,1945503.054,2125426.449,2400360.542,2805651.22,3072928.145,3246040.683,3473726.639,3585994.073,3882463.597,4105951.894,4381251.118,4779368.798,4932077.08,4940881.923,4932014.514,5256138.525,5437013.203,5744431.902,6076194.74,6331262.163,6691219.837,7035842.978,7192703.415,7274131.147,7514534.833,7713900.507,7731508.241,7735257.221,7999332.878,8183087.922,8160729.768,7995635.254,7976556.54,8150667.682,8307248.123,8552318.432,9588265.784,10522513.8,11154165.57,11966282.51,12532340.09,12958632.71
World,WLD,9434402.595,9818839.874,10355747.35,10947007.09,11433441.98,12009447,12389685.57,13017193.61,13797116.84,14788798.31,15323175.56,15957192.52,16825776.48,16850822.09,16745791.87,17726098.32,18316474.32,18535291.54,19567247.68,19368760.3,18766979.93,18621308.36,18546065.19,19224955.23,19793703.26,20396015.35,20910777.81,21663799.92,22090275.69,22310882.41,22627267.5,22399312.12,22370584.84,22783786.07,23290125.43,23762167.33,24198533,24341546,24143528,24752250,25360972,25599327,27124799,28536594,29651362,30619450,31327181,32082583
Afghanistan,AFG,491.378,689.396,707.731,839.743,1008.425,1092.766,1283.45,1224.778,942.419,1672.152,1895.839,1532.806,1639.149,1917.841,2126.86,1987.514,2390.884,2159.863,2240.537,1760.16,1983.847,2101.191,2522.896,2830.924,3509.319,3142.619,3124.284,2867.594,2775.919,2676.91,2493.56,1426.463,1375.125,1320.12,1268.782,1199.109,1114.768,1056.096,832.409,781.071,645.392,359.366,583.053,704.064,700.397,696.73,715.065,814.074
Albania,ALB,2280.874,2464.224,2082.856,2016.85,2174.531,2552.232,2680.577,3072.946,3245.295,3744.007,4352.729,5643.513,5291.481,4345.395,4594.751,4950.45,5720.52,6494.257,7587.023,5170.47,7341.334,7308.331,7631.027,7825.378,7880.383,8056.399,7444.01,7326.666,8984.15,7488.014,3971.361,2387.217,2343.213,1928.842,2086.523,2016.85,1543.807,1752.826,2992.272,3028.942,3230.627,3751.341,4290.39,4004.364,4602.085,4231.718,4481.074,4176.713
Algeria,DZA,6065.218,5669.182,5427.16,5650.847,6596.933,8430.433,8441.434,9061.157,11276.025,15075.037,18668.697,28349.577,38312.816,31906.567,32031.245,39170.894,41891.808,62529.684,45621.147,66519.38,46438.888,39269.903,52625.117,71103.13,72786.283,76277.267,84120.98,83948.631,80046.943,78895.505,81458.738,82261.811,82474.497,86350.516,94692.941,96566.778,88195.017,107080.067,92118.707,87930.993,84293.329,90853.592,92533.078,89493.135,107127.738,107303.754,112741.915,111304.451
American Samoa,ASM,,,,,,,,,,,,,,,,,,,,,,,,,,,,,,,,,,,,,,,,,,,,,,,,
Andorra,AND,,,,,,,,,,,,,,,,,,,,,,,,,,,,,,,,,,,407.037,425.372,458.375,484.044,513.38,524.381,524.381,531.715,535.382,564.718,575.719,546.383,539.049,539.049
Angola,AGO,454.708,1180.774,1151.438,1224.778,1188.108,1554.808,993.757,1672.152,2786.92,3582.659,3410.31,4506.743,4880.777,4873.443,4415.068,3285.632,3534.988,5412.492,5504.167,5346.486,5280.48,4649.756,5115.465,5009.122,4701.094,4660.757,5815.862,5130.133,5009.122,4429.736,4367.397,4418.735,5801.194,3890.687,11012.001,10491.287,7381.671,7308.331,9156.499,9541.534,9732.218,12665.818,9064.824,18793.375,19156.408,22266.024,25151.953,24370.882
Antigua and Barbuda,ATG,47.671,102.676,84.341,91.675,150.347,348.365,564.718,990.09,1257.781,462.042,425.372,374.034,330.03,429.039,707.731,403.37,465.709,491.378,407.037,143.013,106.343,293.36,84.341,146.68,249.356,249.356,275.025,286.026,286.026,300.694,293.36,293.36,308.028,311.695,322.696,322.696,337.364,333.697,348.365,344.698,344.698,363.033,388.702,407.037,410.704,425.372,436.373,447.374
Argentina,ARG,51180.319,53695.881,50083.886,55727.399,58866.351,63138.406,65543.958,69082.613,77329.696,82734.854,88939.418,90156.862,94065.884,95569.354,94931.296,99786.404,100791.162,102639.33,110703.063,108737.551,102041.609,103424.068,105213.564,106522.683,100596.811,104212.473,114942.115,121473.042,117090.977,112613.57,117021.304,121447.373,118609.115,123350.546,122547.473,129217.746,134677.909,137673.848,145488.225,141076.824,140471.769,131406.945,142349.273,155000.423,158924.113,175528.289,183727.701,192378.154
Armenia,ARM,,,,,,,,,,,,,,,,,,,,,,,,,,,,,,,,3681.668,2929.933,2966.603,3490.984,2607.237,3278.298,3406.643,3058.278,3465.315,3542.322,3003.273,3428.645,3644.998,4349.062,4378.398,5056.793,5548.171
Aruba,ABW,,,,,,,,,,,,,,,,,,,,,,,,,,179.683,447.374,612.389,649.059,1840.834,1928.842,1723.49,1771.161,1763.827,1785.829,1811.498,1851.835,1668.485,1686.82,2233.203,2236.87,2255.205,2255.205,2258.872,2273.54,2273.54,2357.881,2288.208
Australia,AUS,90589.568,94912.961,101029.517,108979.573,120966.996,120332.605,129265.417,134622.904,142257.598,147618.752,152774.554,157486.649,170992.21,172356.334,175883.988,174244.839,187787.07,202015.03,205069.641,220746.066,230360.94,234119.615,225003.453,236594.84,241229.928,239964.813,256106.947,261145.405,277771.583,287331.452,281530.258,294456.433,302116.796,303957.63,307433.946,329259.93,333623.66,346912.868,325523.257,329604.628,324859.53,341397.7,346476.495,349223.078,367393.063,377381.971,380814.283,399218.956
Austria,AUT,31862.563,33905.082,36992.696,38943.54,38188.138,39258.902,39966.633,42350.183,44693.396,50692.608,52155.741,56193.108,60164.469,57469.224,54392.611,58415.31,56218.777,57483.892,61594.599,52306.088,56130.769,53868.23,51983.392,54550.292,54700.639,54080.916,57744.249,53340.182,54117.586,60960.208,65888.656,60531.169,58213.625,57586.568,60622.844,61055.55,61359.911,63549.11,61755.947,61788.95,63637.118,65118.586,72316.907,72118.889,74385.095,72126.223,68807.588,67725.823
Azerbaijan,AZE,,,,,,,,,,,,,,,,,,,,,,,,,,,,,,,,44172.682,43285.268,42383.186,33586.053,31565.536,29966.724,31594.872,29299.33,30546.11,29438.676,30007.061,31162.166,32262.266,34491.802,39317.574,42236.506,47139.285
"Bahamas, The",BHS,546.383,726.066,707.731,1085.432,1316.453,1092.766,1705.155,1631.815,1745.492,2574.234,6732.612,6490.59,7873.049,7389.005,8254.417,6464.921,9717.55,6607.934,6930.63,7990.393,2801.588,2262.539,2016.85,1855.502,1510.804,1411.795,1422.796,1540.14,1947.177,1950.844,1782.162,1793.163,1716.156,1719.823,1730.824,1730.824,1741.825,1793.163,1796.83,1796.83,1796.83,2082.856,1870.17,2009.516,2108.525,2137.861,2148.862,2156.196
Bahrain,BHR,1771.161,1591.478,1195.442,1598.812,1228.445,649.059,1004.758,1103.767,1272.449,2592.569,3039.943,3681.668,5522.502,5405.158,5753.523,6574.931,7469.679,7766.706,8133.406,7887.717,8525.775,9838.561,8228.748,9207.837,10194.26,11012.001,11430.039,12163.439,11738.067,11884.747,11503.379,10590.296,15141.043,15254.72,16021.123,15621.42,17319.241,18404.673,18019.638,18643.028,13927.266,15698.427,16468.497,17275.237,18595.357,20186.835,21481.286,22478.71
Bangladesh,BGD,,,,,,,,,,,,3509.319,4554.414,4660.757,4869.776,5570.173,5812.195,6017.547,6648.271,7638.361,7931.721,8599.115,8236.082,9123.496,10234.597,11463.042,11862.745,13545.898,13454.223,15533.412,15940.449,17748.28,17407.249,18969.391,22816.074,24029.851,25063.945,24040.852,25232.627,27865.533,32449.283,33699.73,33824.408,39735.612,37652.756,46644.24,46930.266,46526.896
Barbados,BRB,194.351,260.357,190.684,179.683,205.352,267.691,337.364,440.04,480.377,429.039,484.044,502.379,480.377,491.378,568.385,531.715,590.387,630.724,601.388,674.728,685.729,645.392,685.729,748.068,847.077,916.75,942.419,946.086,990.09,1074.431,1206.443,979.089,1114.768,748.068,828.742,850.744,902.082,1140.437,1210.11,1188.108,1221.111,1228.445,1268.782,1294.451,1353.123,1371.458,1349.456,1353.123
Belarus,BLR,,,,,,,,,,,,,,,,,,,,,,,,,,,,,,,,87487.286,74451.101,65914.325,62118.98,60157.135,59519.077,57597.569,55819.074,53468.527,52595.781,52390.429,53721.55,58220.959,59042.367,61807.285,60256.144,62815.71
Belgium,BEL,92793.435,98117.919,105781.949,103662.423,105440.918,105206.23,107472.436,118557.777,123618.237,125620.419,121528.047,130834.893,138872.957,135220.625,122100.099,130009.818,126570.172,135855.016,140233.414,135293.965,124014.273,117553.019,101623.571,105415.249,104447.161,102866.684,103116.04,100354.789,107461.435,108469.86,117578.688,114373.73,108924.568,113306.633,112976.603,119624.874,116295.238,119184.834,115844.197,115712.185,114766.099,107531.108,114835.772,111282.449,107116.737,106816.043,102529.32,104879.867
Belize,BLZ,36.67,69.673,62.339,84.341,84.341,80.674,121.011,102.676,135.679,121.011,143.013,157.681,146.68,154.014,176.016,176.016,198.018,216.353,209.019,190.684,183.35,172.349,172.349,172.349,190.684,205.352,227.354,249.356,300.694,311.695,359.366,355.699,377.701,374.034,377.701,308.028,388.702,370.367,601.388,689.396,711.398,359.366,374.034,381.368,396.036,407.037,425.372,425.372
Benin,BEN,128.345,135.679,121.011,143.013,150.347,113.677,143.013,154.014,201.685,282.359,293.36,388.702,381.368,407.037,443.707,260.357,297.027,363.033,366.7,517.047,429.039,502.379,462.042,513.38,744.401,693.063,539.049,561.051,641.725,715.065,828.742,905.749,1133.103,1265.115,1327.454,1265.115,1217.444,1213.777,1562.142,1617.147,1738.158,2053.52,2321.211,2398.218,2566.9,3729.339,3879.686,4066.703
Bermuda,BMU,176.016,157.681,150.347,201.685,179.683,201.685,212.686,223.687,198.018,227.354,231.021,253.023,425.372,443.707,458.375,469.376,454.708,425.372,462.042,436.373,388.702,396.036,451.041,443.707,451.041,425.372,575.719,649.059,784.738,597.721,509.713,407.037,480.377,473.043,465.709,476.71,476.71,462.042,495.045,495.045,495.045,524.381,509.713,671.061,443.707,520.714,517.047,388.702
Bhutan,BTN,,,,,,,,,,3.667,3.667,3.667,3.667,3.667,3.667,3.667,7.334,11.001,22.002,22.002,25.669,33.003,29.336,51.338,62.339,55.005,102.676,110.01,62.339,128.345,187.017,216.353,187.017,212.686,249.356,304.361,396.036,385.035,385.035,399.703,414.371,513.38,465.709,469.376,682.062,421.705,579.386,733.4
Bolivia,BOL,1041.428,1100.1,1213.777,1481.468,1510.804,1690.487,1892.172,2178.198,2548.565,2486.226,3061.945,3571.658,3457.981,3516.653,4059.369,4580.083,4481.074,5027.457,4737.764,4668.091,4792.769,4349.062,4290.39,4041.034,4125.375,3777.01,4030.033,4308.725,4994.454,5504.167,5779.192,6648.271,8038.064,8907.143,9424.19,8734.794,9842.228,10326.272,9768.888,9519.532,8830.136,8346.092,11521.714,10626.966,10293.269,10465.618,13054.52,12834.5
Bosnia and Herzegovina,BIH,,,,,,,,,,,,,,,,,,,,,,,,,,,,,,,,3938.358,3270.964,3630.33,3542.322,5368.488,12500.803,16226.475,18771.373,23252.447,20722.217,22944.419,23263.448,24634.906,25632.33,27469.497,28987.635,31275.843
Botswana,BWA,,,,,,,,,,,,22.002,51.338,88.008,187.017,594.054,781.071,832.409,942.419,986.423,1008.425,1100.1,1030.427,1045.095,1158.772,1323.787,1536.473,1617.147,1774.828,2178.198,2148.862,3296.633,3509.319,3509.319,3523.987,3138.952,3212.292,3832.015,3545.989,4275.722,4334.394,4484.741,4264.721,4378.398,4525.078,4459.072,4638.755,4840.44
Brazil,BRA,49203.806,53695.881,55617.389,56735.824,56398.46,64304.512,66193.017,77421.371,84315.331,93761.523,102635.663,114362.729,132463.041,143456.707,151164.741,155154.437,162961.48,176925.416,188322.452,187090.34,171806.284,172176.651,166632.147,168806.678,181248.809,198883.412,207530.198,209363.698,214024.455,208886.988,219330.604,220705.729,230738.641,242154.012,275564.049,301244.05,321199.864,314012.544,322068.943,330125.342,339894.23,335185.802,324753.187,341166.679,349967.479,352541.713,368368.485,393219.744
Brunei Darussalam,BRN,304.361,370.367,355.699,341.031,333.697,491.378,440.04,429.039,487.711,8210.413,7517.35,9460.86,9981.574,8184.744,7080.977,6024.881,6395.248,9541.534,7440.343,6882.959,1470.467,2093.857,2706.246,1917.841,2596.236,2299.209,3318.635,5716.853,6347.577,6420.917,5815.862,5808.528,5588.508,5408.825,5515.168,5595.842,5812.195,5984.544,4598.418,6527.26,6197.23,5320.817,5357.487,5361.154,5126.466,4822.105,9559.869,10593.963
Bulgaria,BGR,25973.361,30736.794,34411.128,42863.563,46317.877,48767.433,55166.348,59526.411,66376.367,61238.9,64300.845,66171.015,68825.923,71260.811,73061.308,73116.313,75969.239,81411.067,79152.195,77487.377,80343.97,90131.193,90365.881,87366.275,89540.806,91553.989,91663.999,87351.607,86926.235,77729.399,59706.094,53600.539,69328.302,55848.41,59805.103,56691.82,53681.213,50993.302,43981.998,43530.957,46453.556,44634.724,47307.967,46787.253,47909.355,48943.449,52812.134,50538.594
Burkina Faso,BFA,91.675,84.341,88.008,110.01,102.676,102.676,102.676,102.676,121.011,143.013,150.347,161.348,168.682,205.352,220.02,209.019,249.356,348.365,407.037,432.706,557.384,575.719,594.054,465.709,476.71,480.377,517.047,553.717,821.408,586.72,627.057,630.724,627.057,645.392,627.057,707.731,806.74,861.745,931.418,1041.428,997.424,1004.758,1078.098,1103.767,1125.769,1360.457,1646.483,1855.502
Burundi,BDI,,44.004,47.671,47.671,36.67,47.671,47.671,55.005,73.34,62.339,73.34,73.34,73.34,91.675,77.007,88.008,99.009,102.676,110.01,146.68,157.681,157.681,205.352,220.02,231.021,242.022,267.691,256.69,300.694,304.361,344.698,319.029,337.364,341.031,333.697,330.03,315.362,300.694,293.36,300.694,216.353,220.02,165.015,161.348,165.015,198.018,183.35,179.683
Cambodia,KHM,286.026,308.028,388.702,341.031,403.37,469.376,418.038,491.378,1345.789,1173.44,249.356,117.344,128.345,73.34,73.34,73.34,73.34,51.338,29.336,286.026,300.694,337.364,366.7,410.704,418.038,432.706,436.373,451.041,451.041,451.041,462.042,476.71,476.71,539.049,1437.464,1628.148,1906.84,2233.203,2196.533,2255.205,2643.907,2860.26,3127.951,3498.318,3722.005,4074.037,4440.737,4602.085
Cameroon,CMR,282.359,289.693,300.694,337.364,311.695,344.698,458.375,506.046,572.052,638.058,810.407,861.745,898.415,975.422,1162.439,1092.766,1565.809,2002.182,1829.833,3905.355,5342.819,6343.91,6589.599,6057.884,6475.922,2005.849,1855.502,2211.201,7638.361,1738.158,1111.101,3795.345,3898.021,3817.347,4363.73,4602.085,3215.959,3208.625,3080.28,3432.312,3421.311,3417.644,3795.345,3956.693,3696.336,4264.721,6167.894,5302.482
Canada,CAN,194182.318,207185.5,211109.19,237801.283,252153.921,259319.239,281896.958,303539.592,307400.943,341485.708,352607.719,381136.979,381621.023,389970.782,397143.434,399317.965,398173.861,405826.89,427671.209,428547.622,416101.824,400286.053,397165.436,406714.304,401855.529,387220.532,411752.762,434341.482,440370.03,450076.579,449053.486,467648.843,477920.11,454491.647,459790.462,467883.531,483233.593,478880.864,477868.772,537402.517,527131.25,521832.435,553478.645,555865.862,562796.492,548704.211,544171.799,544091.125
Cape Verde,CPV,22.002,18.335,14.668,29.336,25.669,22.002,18.335,29.336,36.67,36.67,36.67,51.338,62.339,66.006,77.007,73.34,80.674,209.019,249.356,121.011,33.003,36.67,36.67,84.341,84.341,58.672,80.674,73.34,80.674,88.008,91.675,102.676,102.676,110.01,113.677,139.346,143.013,154.014,172.349,187.017,209.019,245.689,253.023,264.024,293.36,308.028,311.695,308.028
Cayman Islands,CYM,11.001,11.001,11.001,11.001,11.001,18.335,14.668,22.002,44.004,36.67,44.004,55.005,58.672,55.005,58.672,69.673,73.34,95.342,95.342,165.015,157.681,165.015,172.349,187.017,194.351,205.352,216.353,227.354,260.357,253.023,275.025,278.692,289.693,289.693,289.693,286.026,286.026,286.026,282.359,454.708,454.708,469.376,480.377,495.045,517.047,535.382,539.049,557.384
Central African Republic,CAF,88.008,73.34,73.34,73.34,88.008,84.341,91.675,183.35,187.017,209.019,183.35,168.682,161.348,113.677,102.676,128.345,128.345,146.68,102.676,106.343,135.679,143.013,146.68,150.347,161.348,161.348,260.357,231.021,249.356,198.018,205.352,216.353,223.687,234.688,234.688,234.688,245.689,249.356,264.024,267.691,245.689,245.689,234.688,234.688,234.688,249.356,253.023,260.357
Chad,TCD,51.338,84.341,91.675,99.009,106.343,84.341,117.344,124.678,161.348,124.678,150.347,121.011,161.348,150.347,183.35,183.35,198.018,194.351,201.685,209.019,209.019,205.352,205.352,216.353,179.683,187.017,198.018,66.006,102.676,146.68,69.673,88.008,99.009,102.676,102.676,106.343,113.677,113.677,121.011,176.016,172.349,168.682,381.368,377.701,399.703,407.037,462.042,495.045
Channel Islands,CHI,,,,,,,,,,,,,,,,,,,,,,,,,,,,,,,,,,,,,,,,,,,,,,,,
Chile,CHL,14473.649,16725.187,17355.911,17524.593,17766.615,18793.375,19259.084,21224.596,22555.717,24664.242,27095.463,28191.896,27652.847,25955.026,23014.092,24103.191,23109.434,22948.086,24862.26,25265.63,24554.232,20615.874,20839.561,22200.018,21503.288,22247.689,22673.061,26926.781,32386.944,34902.506,32991.999,34117.768,36288.632,40146.316,43611.631,49526.502,57054.853,58987.362,62225.323,60094.796,54018.577,56072.097,56409.461,62434.342,63805.8,65697.972,70098.372,73108.979
China,CHN,552066.85,440359.029,436695.696,436923.05,475972.933,522789.522,433234.048,468928.626,577237.138,771617.474,876633.02,931575.681,968542.708,988014.478,1145607.47,1196193.735,1310310.775,1462168.579,1494859.884,1467192.369,1451501.276,1580260.647,1667029.201,1814908.31,1966553.428,2068969.071,2209708.531,2369501.723,2408540.605,2460744.017,2584538.27,2695982.067,2878694.009,3058241.33,3320285.15,3463089.131,3469510.048,3324344.519,3318055.614,3405179.867,3487566.356,3694242.143,4525177.009,5288166.032,5790016.984,6414463.08,6791804.714,7031916.207
Colombia,COL,18217.656,19442.434,21257.599,21708.64,22885.747,23501.803,24715.58,26604.085,28048.883,28404.582,30326.09,31481.195,33699.73,36479.316,35896.263,38089.129,39354.244,41682.789,44433.039,44356.032,44458.708,45914.507,49449.495,48980.119,48378.731,49101.13,50487.256,52445.434,53233.839,57337.212,57120.859,62049.307,64022.153,67571.809,59610.752,60523.835,64905.9,65976.664,56512.137,57923.932,56273.782,55661.393,57421.553,53772.888,59178.046,61561.596,63439.1,67700.154
Comoros,COM,11.001,11.001,11.001,11.001,14.668,18.335,18.335,18.335,18.335,29.336,29.336,29.336,29.336,29.336,33.003,40.337,40.337,29.336,22.002,47.671,47.671,47.671,47.671,47.671,55.005,51.338,58.672,62.339,62.339,77.007,77.007,77.007,77.007,77.007,80.674,66.006,66.006,73.34,80.674,84.341,88.008,91.675,99.009,102.676,110.01,121.011,121.011,124.678
"Congo, Dem. Rep.",COD,2357.881,2174.531,2295.542,1976.513,2471.558,2405.552,2291.875,3369.973,3652.332,2713.58,2962.936,3021.608,3193.957,3369.973,3237.961,3413.977,3487.317,3538.655,3755.008,3501.985,3777.01,3072.946,4026.366,3964.027,3641.331,3377.307,3854.017,4019.032,4393.066,4070.37,3755.008,3619.329,3410.31,2478.892,2966.603,3248.962,2926.266,2533.897,2247.871,1646.483,1565.809,1543.807,1697.821,2280.874,2368.882,2460.557,2552.232,2816.256
"Congo, Rep.",COG,267.691,238.355,234.688,267.691,245.689,308.028,322.696,451.041,502.379,572.052,685.729,663.727,1221.111,1624.481,1100.1,1235.779,480.377,322.696,348.365,407.037,473.043,1345.789,1144.104,1140.437,1279.783,1067.097,1323.787,1499.803,1507.137,1188.108,1265.115,1573.143,1543.807,2148.862,1565.809,1716.156,2343.213,777.404,821.408,1048.762,861.745,707.731,1085.432,1903.173,1606.146,1463.133,1591.478,1936.176
Costa Rica,CRI,491.378,550.05,601.388,674.728,847.077,993.757,876.413,1037.761,1147.771,1250.447,1529.139,1763.827,2046.186,1906.84,2038.852,2086.523,2614.571,2922.599,2794.254,2464.224,2251.538,2086.523,2104.858,2002.182,2266.206,2607.237,2757.584,2940.934,2973.937,2955.602,3336.97,3791.678,3953.026,5269.479,4866.109,4748.765,4987.12,5317.15,5522.502,5474.831,5760.857,6325.575,6626.269,6930.63,6941.631,7436.676,8118.738,8016.062
Cote d'Ivoire,CIV,553.717,586.72,623.39,762.736,1173.44,1294.451,1488.802,1763.827,2086.523,2442.222,2706.246,3014.274,3208.625,3560.657,3989.696,3964.027,4055.702,4818.438,5423.493,6222.899,4466.406,6109.222,4840.44,5405.158,7326.666,5966.209,7682.365,9160.166,8522.108,5797.527,5636.179,4624.087,5892.869,5251.144,7132.315,8379.095,8173.743,6912.295,6266.903,6791.284,7726.369,7286.329,5460.163,7664.03,7825.378,7139.649,6384.247,7014.971
Croatia,HRV,,,,,,,,,,,,,,,,,,,,,,,,,,,,,,,,16442.828,16428.16,16875.534,17612.601,18518.35,19295.754,20417.856,20491.196,19644.119,20714.883,21877.322,23542.14,23047.095,23105.767,23175.44,24367.215,23303.785
Cuba,CUB,12181.774,14169.288,13039.852,14293.966,14609.328,15185.047,15749.765,16035.791,17260.569,18672.364,19607.449,20799.224,22398.036,22911.416,27066.127,27223.808,29402.006,30689.123,31712.216,31400.521,32749.977,34554.141,30843.137,32603.297,32577.628,33567.718,33952.753,35635.906,35738.582,33340.364,29633.027,31338.182,29347.001,32199.927,25657.999,26959.784,24605.57,24444.222,25276.631,26039.367,25452.647,26090.705,25485.65,23985.847,24634.906,27168.803,26838.773,31418.856
Curacao,CUW,,,,,,,,,,,,,,,,,,,,,,,,,,,,,,,,,,,,,,,,,,,,,,,,
Cyprus,CYP,865.412,905.749,986.423,1001.091,1151.438,1243.113,1364.124,1624.481,1672.152,1705.155,1884.838,2405.552,2500.894,1925.175,1980.18,2464.224,2669.576,2808.922,3003.273,3208.625,3047.277,3102.282,3098.615,3182.956,3102.282,3545.989,4121.708,4129.042,4341.728,4653.423,4741.431,5276.813,5665.515,5812.195,5716.853,5936.873,6109.222,6640.937,6754.614,6849.956,6846.289,7022.305,7748.371,7334,7502.682,7788.708,8195.745,8555.111
Czech Republic,CZE,,,,,,,,,,,,,,,,,,,,,,,,,,,,,,,,139503.681,131964.329,127688.607,129470.769,132558.383,130090.492,125525.077,111931.508,124648.664,124406.642,120193.259,122378.791,122708.821,120735.975,122785.828,123944.6,116995.635
Denmark,DNK,31734.218,36926.69,40707.367,43189.926,44337.697,50127.89,49075.461,53325.514,59401.733,62100.645,57062.187,59599.751,59196.381,55023.335,55639.391,59977.452,61480.922,60784.192,62654.362,60215.807,51561.687,53464.86,49962.875,50597.266,59768.433,58569.324,58107.282,54858.32,48782.101,50421.25,61433.251,54528.29,57337.212,61194.896,55298.36,68704.912,57065.854,56068.43,50930.963,47252.962,49035.124,51899.051,55947.419,50476.255,46867.927,54418.28,49695.184,46024.517
Djibouti,DJI,44.004,47.671,66.006,84.341,121.011,139.346,88.008,121.011,84.341,139.346,161.348,190.684,179.683,194.351,198.018,198.018,198.018,201.685,363.033,348.365,300.694,348.365,348.365,355.699,374.034,385.035,396.036,366.7,407.037,399.703,399.703,414.371,429.039,429.039,429.039,436.373,440.04,410.704,443.707,403.37,385.035,399.703,407.037,458.375,473.043,487.711,487.711,524.381
Dominica,DMA,11.001,11.001,14.668,14.668,14.668,14.668,22.002,22.002,18.335,25.669,25.669,25.669,25.669,29.336,29.336,29.336,25.669,25.669,33.003,36.67,36.67,40.337,40.337,44.004,47.671,47.671,47.671,55.005,58.672,58.672,58.672,58.672,62.339,69.673,80.674,73.34,80.674,77.007,80.674,102.676,113.677,102.676,113.677,110.01,113.677,110.01,150.347,128.345
Dominican Republic,DOM,1030.427,1243.113,1250.447,1749.159,1547.474,1672.152,1569.476,2350.547,2654.908,3109.616,3523.987,4675.425,5966.209,6417.25,6340.243,6332.909,5614.177,5449.162,6809.619,6457.587,6167.894,6340.243,7913.386,7444.01,7293.663,8181.077,9754.22,9834.894,10366.609,9570.87,10135.588,11206.352,11939.752,12676.819,16105.464,17546.595,18239.658,18683.365,18870.382,20117.162,20234.506,21499.621,21521.623,19999.818,19761.463,20813.892,21363.942,21616.965
Ecuador,ECU,1646.483,1565.809,1796.83,2145.195,2277.207,2420.22,2592.569,3116.95,3593.66,4283.056,4224.384,4594.751,5262.145,6090.887,7363.336,8111.404,7484.347,10425.281,12167.106,13443.222,16692.184,19288.42,19556.111,21257.599,19431.433,15276.722,15115.374,17271.57,20267.509,16835.197,16486.832,22302.694,24187.532,13637.573,22812.407,23890.505,18276.328,22229.354,21272.267,20942.237,23446.798,24689.911,26523.411,28657.605,29299.33,29842.046,30898.142,26824.105
"Egypt, Arab Rep.",EGY,17088.22,18595.357,21554.626,25522.32,27641.846,26563.748,19677.122,22904.082,19695.457,21686.638,23047.095,25511.319,23795.163,26123.708,31099.827,34495.469,37865.442,39313.907,42947.904,45239.779,50978.634,56523.138,57091.523,63838.803,63937.812,74564.778,74810.467,74531.775,72181.228,75943.57,78715.822,81264.387,93156.468,85312.755,95723.368,102030.608,108202.169,122243.112,125393.065,141326.18,125451.737,127193.562,158880.109,160581.597,174640.875,187504.711,199220.776,210320.785
El Salvador,SLV,583.053,649.059,1125.769,1232.112,1041.428,1305.452,1158.772,1261.448,1191.775,1430.13,1510.804,1679.486,1969.179,1972.846,2108.525,2211.201,2288.208,2390.884,2390.884,2134.194,1833.5,1767.494,1903.173,1606.146,1987.514,1991.181,2449.556,2471.558,2588.902,2618.238,3230.627,3428.645,3890.687,4429.736,5280.48,4895.445,5760.857,5812.195,5698.518,5742.522,5947.874,6039.549,6552.929,6277.904,6362.245,6486.923,6901.294,6112.889
Equatorial Guinea,GNQ,22.002,22.002,25.669,25.669,29.336,25.669,25.669,29.336,44.004,36.67,66.006,88.008,29.336,51.338,62.339,62.339,62.339,69.673,62.339,58.672,69.673,73.34,62.339,80.674,66.006,80.674,99.009,106.343,117.344,121.011,201.685,216.353,102.676,36.67,132.012,117.344,293.36,168.682,473.043,454.708,3094.948,4979.786,6017.547,4679.092,4712.095,4752.432,4796.436,4814.771
Eritrea,ERI,,,,,,,,,,,,,,,,,,,,,,,,,,,,,,,,,,183.35,297.027,348.365,528.048,590.387,619.723,608.722,630.724,605.055,726.066,770.07,766.403,561.051,579.386,414.371
Estonia,EST,,,,,,,,,,,,,,,,,,,,,,,,,,,,,,,,23028.76,18628.36,18661.363,16754.523,18808.043,18613.692,17143.225,15474.74,15559.081,15984.453,15471.073,17553.929,17839.955,17462.254,16945.207,19952.147,18290.996
Ethiopia,ETH,341.031,396.036,421.705,407.037,645.392,825.075,1074.431,1727.157,1668.485,1653.817,1851.835,1408.128,1752.826,1738.158,1210.11,1177.107,1048.762,1371.458,1848.168,1822.499,1866.503,1481.468,1844.501,1664.818,1815.165,2214.868,2581.568,2673.243,2827.257,3017.941,2984.938,2966.603,5163.136,3003.273,2152.529,3729.339,4275.722,5027.457,5075.128,5830.53,4308.725,4481.074,4946.783,5196.139,5489.499,5995.545,6560.263,7106.646
Faeroe Islands,FRO,113.677,117.344,124.678,121.011,135.679,139.346,168.682,183.35,212.686,256.69,260.357,234.688,253.023,300.694,348.365,330.03,407.037,399.703,480.377,421.705,440.04,458.375,487.711,498.712,517.047,491.378,498.712,528.048,579.386,623.39,594.054,660.06,597.721,520.714,634.391,652.726,656.393,663.727,671.061,656.393,660.06,667.394,674.728,674.728,682.062,689.396,696.73,707.731
Fiji,FJI,168.682,231.021,242.022,425.372,344.698,322.696,355.699,396.036,432.706,520.714,550.05,579.386,630.724,671.061,623.39,484.044,766.403,711.398,839.743,795.739,1081.765,839.743,715.065,583.053,579.386,605.055,476.71,553.717,630.724,817.741,674.728,733.4,773.737,828.742,887.414,920.417,759.069,729.733,832.409,861.745,1122.102,858.078,1657.484,1888.505,1635.482,1565.809,1459.466,1254.114
Finland,FIN,14939.358,16809.528,19358.093,22852.744,25327.969,29519.35,28617.268,33314.695,37935.115,40395.672,40582.689,44161.681,49387.156,46680.91,46101.524,51279.328,50219.565,51913.719,54333.939,58217.292,51704.7,43021.244,41598.448,42071.491,49368.821,53321.847,57733.248,52001.727,52474.77,50941.964,54891.323,49126.799,51935.721,59412.734,52328.09,61385.58,60083.795,56988.847,55423.038,52141.073,56424.129,61077.552,68888.262,66970.421,54605.297,66075.673,63923.144,56512.137
France,FRA,281211.229,298706.486,334019.696,345303.055,351852.317,347235.564,372009.816,384631.63,413259.899,439013.24,462434.369,480729.032,516599.626,499071.366,446919.292,505602.293,480857.377,505858.983,529155.434,505363.938,454700.666,436893.714,422603.415,405342.846,400880.107,385614.386,377491.981,372207.834,390649.177,399028.272,427667.542,397037.091,389105.37,369457.584,393289.417,408126.099,379486.829,409094.187,371309.419,365559.563,385808.737,380447.583,387147.192,389706.758,391826.284,382281.083,374283.356,376985.935
French Polynesia,PYF,58.672,47.671,66.006,66.006,84.341,121.011,139.346,154.014,161.348,194.351,227.354,216.353,209.019,216.353,212.686,264.024,275.025,311.695,282.359,293.36,330.03,337.364,421.705,458.375,586.72,605.055,608.722,572.052,608.722,630.724,638.058,645.392,649.059,568.385,583.053,557.384,575.719,572.052,575.719,645.392,737.067,748.068,821.408,788.405,854.411,821.408,839.743,891.081
Gabon,GAB,165.015,88.008,73.34,190.684,216.353,381.368,1012.092,1961.845,1433.797,2082.856,2845.592,2739.249,5313.483,5452.829,5368.488,5709.519,6314.574,7561.354,6754.614,6633.603,6574.931,6556.596,5518.835,5995.545,6318.241,4968.785,4022.699,4334.394,5771.858,4844.107,1477.801,2130.527,3281.965,3351.638,3857.684,3534.988,3545.989,1631.815,1437.464,1052.429,1782.162,1778.495,1334.788,1481.468,1785.829,1782.162,1976.513,2471.558
"Gambia, The",GMB,22.002,25.669,29.336,29.336,29.336,33.003,33.003,36.67,47.671,47.671,55.005,66.006,62.339,62.339,99.009,99.009,113.677,139.346,146.68,157.681,157.681,161.348,161.348,172.349,172.349,161.348,179.683,183.35,179.683,190.684,198.018,198.018,209.019,209.019,216.353,216.353,216.353,234.688,256.69,275.025,282.359,315.362,315.362,322.696,322.696,337.364,396.036,410.704
Georgia,GEO,,,,,,,,,,,,,,,,,,,,,,,,,,,,,,,,15335.394,9952.238,6083.553,2302.876,4066.703,4437.07,4961.451,4345.395,4536.079,3769.676,3388.308,3773.343,3927.357,4734.097,5496.833,6028.548,5203.473
Germany,DEU,,,,,,,,,,,,,,,,,,,,,,,,,,,,,,,960992.355,928326.719,911425.516,903622.14,901524.616,924014.327,900318.173,895532.738,824466.278,832100.972,855756.789,830909.197,835657.962,828521.98,809596.593,811881.134,787235.227,786659.508
Ghana,GHA,1345.789,1433.797,1723.49,1650.15,1705.155,1441.131,1496.136,1763.827,1690.487,2625.572,2295.542,2423.887,2475.225,2937.267,2746.583,2434.888,3003.273,2970.27,2658.575,2559.566,3047.277,3043.61,3655.999,2581.568,3325.969,3047.277,3285.632,3450.647,3344.304,3931.024,4044.701,4096.039,4664.424,5071.461,5427.16,5757.19,6395.248,6409.916,6560.263,6299.906,6919.629,7414.674,7601.691,7278.995,7007.637,9350.85,9636.876,8591.781
Greece,GRC,9823.893,10164.924,12258.781,13223.202,17025.881,18650.362,19534.109,22321.029,25474.649,24165.53,27814.195,31572.87,37256.72,36218.959,38873.867,42911.234,46999.939,48081.704,51293.996,51429.675,50721.944,52148.407,55544.049,57054.853,60600.842,59130.375,63472.103,67989.847,74183.41,72723.944,67615.813,75503.53,75646.543,78363.79,79185.198,80395.308,84572.021,87809.982,86636.542,91616.328,93805.527,93669.848,95738.036,97149.831,98675.303,97285.51,98213.261,97813.558
Greenland,GRL,293.36,264.024,330.03,315.362,344.698,388.702,418.038,542.716,407.037,381.368,469.376,553.717,557.384,557.384,506.046,220.02,722.399,392.369,572.052,564.718,528.048,517.047,363.033,568.385,509.713,326.363,234.688,546.383,473.043,557.384,550.05,484.044,502.379,506.046,506.046,517.047,524.381,531.715,542.716,531.715,539.049,539.049,535.382,498.712,630.724,579.386,638.058,575.719
Grenada,GRD,18.335,25.669,14.668,22.002,22.002,29.336,36.67,40.337,47.671,44.004,47.671,47.671,55.005,36.67,47.671,47.671,47.671,51.338,47.671,47.671,58.672,62.339,62.339,62.339,66.006,73.34,80.674,102.676,110.01,121.011,121.011,128.345,143.013,165.015,172.349,176.016,205.352,190.684,205.352,205.352,220.02,216.353,227.354,216.353,234.688,245.689,245.689,245.689
Guam,GUM,,,,,,,,,,,,,,,,,,,,,,,,,,,,,,,,,,,,,,,,,,,,,,,,
Guatemala,GTM,1408.128,1382.459,1521.805,1771.161,1976.513,1741.825,1983.847,2141.528,2280.874,2299.209,2442.222,2709.913,2937.267,3069.279,3523.987,3311.301,3813.68,4129.042,4693.76,4510.41,3967.694,3626.663,3179.289,3421.311,3523.987,3700.003,3993.363,4125.375,4246.386,5086.129,5053.126,6017.547,5658.181,6838.955,7165.318,6651.938,7598.024,8753.129,8929.145,9915.568,10626.966,11173.349,10670.97,11206.352,12156.105,12288.117,12926.175,11914.083
Guinea,GIN,616.056,660.06,696.73,700.397,696.73,718.732,726.066,748.068,748.068,792.072,814.074,832.409,803.073,839.743,843.41,887.414,902.082,902.082,946.086,964.421,990.09,982.756,953.42,979.089,993.757,997.424,993.757,1026.76,1045.095,1056.096,1074.431,1074.431,1103.767,1228.445,1250.447,1272.449,1279.783,1243.113,1272.449,1279.783,1298.118,1323.787,1342.122,1342.122,1360.457,1360.457,1389.793,1393.46
Guinea-Bissau,GNB,29.336,40.337,47.671,58.672,66.006,66.006,47.671,62.339,58.672,69.673,73.34,66.006,110.01,102.676,113.677,95.342,102.676,102.676,110.01,146.68,143.013,143.013,143.013,161.348,172.349,183.35,194.351,216.353,231.021,253.023,256.69,260.357,278.692,278.692,282.359,286.026,308.028,216.353,245.689,198.018,198.018,209.019,249.356,256.69,264.024,275.025,286.026,282.359
Guyana,GUY,737.067,678.395,616.056,649.059,1078.098,1180.774,1323.787,1331.121,1367.791,1580.477,1499.803,1562.142,1804.164,1554.808,1826.166,1752.826,1899.506,2057.187,1521.805,1789.496,1800.497,1404.461,1246.78,1404.461,1419.129,1045.095,1309.119,1404.461,1195.442,1140.437,1122.102,1052.429,1056.096,1334.788,1481.468,1529.139,1602.479,1653.817,1650.15,1580.477,1518.138,1547.474,1521.805,1463.133,1514.471,1525.472,1525.472,1525.472
Haiti,HTI,297.027,304.361,249.356,300.694,304.361,304.361,260.357,264.024,315.362,385.035,403.37,392.369,421.705,473.043,484.044,674.728,707.731,755.402,755.402,751.735,766.403,825.075,894.748,913.083,942.419,843.41,913.083,1023.093,1037.761,993.757,997.424,909.416,663.727,300.694,942.419,1092.766,1422.796,1232.112,1331.121,1367.791,1569.476,1826.166,1734.491,1987.514,2075.522,2119.526,2398.218,2434.888
Honduras,HND,737.067,700.397,711.398,722.399,751.735,806.74,876.413,1224.778,1177.107,1389.793,1331.121,1536.473,1510.804,1558.475,1668.485,1778.495,2002.182,2049.853,1932.509,2057.187,1822.499,1763.827,2002.182,1987.514,1906.84,1848.168,2174.531,2504.561,2728.248,2592.569,2698.912,3076.613,2849.259,3336.97,3879.686,3960.36,4158.378,4649.756,4741.431,5031.124,5713.186,6090.887,6769.282,7367.003,7620.026,7308.331,9035.488,8672.455
"Hong Kong SAR, China",HKG,3373.64,3685.335,4250.053,4224.384,4807.437,5166.803,6057.884,6204.564,7759.372,8401.097,9160.166,9284.844,9295.845,10678.304,11019.335,12508.137,14231.627,15753.432,15885.444,16662.848,18690.699,19702.791,21015.577,22346.698,23014.092,25698.336,28272.57,29482.68,30348.092,27660.181,28892.293,33428.372,35129.86,31429.857,31620.541,29365.336,30854.138,39233.233,42753.553,40582.689,37971.785,36952.359,40065.642,38415.492,40549.686,38554.838,39962.966,38573.173
Hungary,HUN,48976.452,50560.596,56281.116,62401.339,61293.905,61733.945,58829.681,61154.559,62419.674,70003.03,69280.631,69430.978,73068.642,74102.736,75389.853,80013.94,83204.23,88187.683,86229.505,86860.229,86618.207,86871.23,89137.436,90853.592,86104.827,83537.927,84436.342,78264.781,76090.25,62991.726,63435.433,58716.004,60124.132,58066.945,60054.459,62702.033,61807.285,60853.865,60362.487,57256.538,57021.85,56031.76,59009.364,57311.543,57879.928,57227.202,55848.41,54638.3
Iceland,ISL,1092.766,1199.109,1305.452,1309.119,1397.127,1496.136,1444.798,1595.145,1265.115,1389.793,1474.134,1485.135,1752.826,1741.825,1617.147,1705.155,1906.84,1925.175,1987.514,1866.503,1752.826,1598.812,1547.474,1815.165,1628.148,1796.83,1807.831,1903.173,1939.843,2071.855,2024.184,1892.172,1991.181,2009.516,1939.843,2211.201,2104.858,2101.191,2068.188,2163.53,2101.191,2170.864,2167.197,2233.203,2203.867,2233.203,2339.546,2229.536
India,IND,130402.187,143467.708,154083.673,150647.694,165972.087,171765.947,172238.99,187336.029,190724.337,195143.072,205869.047,217849.136,224343.393,231992.755,252201.592,263785.645,315681.029,318035.243,331940.507,348581.353,374822.405,398419.55,432320.965,447109.976,490464.917,525862.468,561560.713,606298.113,662945.929,690576.774,737851.738,783634.233,814297.687,864931.623,920046.633,1002224.103,1043939.895,1071911.771,1144390.026,1186663.202,1203843.097,1226791.183,1281913.527,1346595.74,1411127.606,1504364.748,1612383.567,1742697.746
Indonesia,IDN,26024.699,22995.757,22783.071,22394.369,24689.911,23395.46,24561.566,27586.841,33391.702,35822.923,38987.544,43340.273,49134.133,51260.993,53963.572,61810.952,82434.16,93933.872,95096.311,94784.616,100160.438,105407.915,104956.874,112184.531,121245.688,121740.733,123372.548,132162.347,130966.905,149565.929,179730.671,202576.081,218600.871,221413.46,224941.114,253290.691,278658.997,210210.775,237595.931,258120.13,289065.943,303506.589,311885.684,333733.67,336311.571,338134.07,368617.841,406028.575
"Iran, Islamic Rep.",IRN,36541.655,37462.072,41341.758,47560.99,53765.554,64161.499,67942.176,82404.824,83116.222,92019.698,101883.928,106394.338,129899.808,144256.113,139646.694,156910.93,164237.596,162587.446,164138.587,121014.667,112987.604,138146.891,149914.294,150812.709,160929.962,148568.505,159741.854,176283.691,191344.06,227185.318,233745.581,247471.162,229678.878,296744.641,284918.566,286645.723,290617.084,316176.074,316671.119,339241.504,357085.126,375211.107,412317.48,442471.221,458866.378,492349.755,506346.694,538403.608
Iraq,IRQ,8720.126,9031.821,9394.854,9075.825,19314.089,27704.185,18393.672,19717.459,22625.39,23908.84,28862.957,29552.353,30645.119,30942.146,33157.014,48800.436,43710.64,42317.18,52991.817,45558.808,32122.92,30623.117,38749.189,40204.988,44675.061,47751.674,52881.807,67927.508,73251.992,52555.444,47421.644,61671.606,66801.739,75045.155,77901.748,69500.651,68308.876,72371.912,72283.904,72445.252,85342.091,87259.932,91117.616,98979.664,97527.532,100853.501,100494.135,102936.357
Ireland,IRL,12365.124,13120.526,13461.557,14231.627,13732.915,15111.707,16413.492,17821.62,18514.683,19413.098,22497.045,22053.338,22860.078,23303.785,22053.338,22295.36,23567.809,23571.476,27388.823,26255.72,26024.699,25529.654,25694.669,25522.32,26743.431,29336,30216.08,29853.047,29625.693,30417.765,33109.343,31253.841,31286.844,32691.305,32892.99,35008.849,36552.656,38140.467,40098.645,40949.389,43780.313,43457.617,42694.881,43211.928,43211.928,43112.919,44411.037,43604.297
Isle of Man,IMN,,,,,,,,,,,,,,,,,,,,,,,,,,,,,,,,,,,,,,,,,,,,,,,,
Israel,ISR,7069.976,7942.722,8210.413,9149.165,12944.51,13597.236,13542.231,13809.922,14818.347,16578.507,16248.477,16934.206,19310.422,19446.101,19647.786,19611.116,19893.475,21176.925,21019.244,21147.589,21213.595,24081.189,23938.176,23743.825,24869.594,26626.087,27385.156,30051.065,31756.22,33534.715,34315.786,41499.439,45148.104,47120.95,54234.93,54399.945,63402.43,62779.04,62155.65,62691.032,65749.31,63145.74,65122.253,63200.745,59211.049,65778.646,36816.68,37663.757
Italy,ITA,124549.655,146456.313,164780.312,175957.328,189767.25,214248.142,234427.643,249495.346,270008.544,296740.974,311588.657,328970.237,354320.208,359406.337,342310.783,367312.389,356175.71,373234.594,387466.221,388969.691,378020.029,369681.271,361364.515,367649.753,372134.494,366454.311,383670.876,389780.098,414862.378,424183.892,433974.782,432959.023,422680.422,412163.466,437623.447,428294.599,432302.63,441752.489,437018.392,446156.556,447054.971,449284.507,468349.24,470490.768,471400.184,468268.566,459376.091,445118.795
Jamaica,JAM,2130.527,2119.526,2398.218,4066.703,2992.272,3520.32,3868.685,3883.353,4272.055,4994.454,5753.523,6288.905,8298.421,7601.691,8188.411,7282.662,7447.677,9119.829,8536.776,8452.435,7414.674,6219.232,6450.253,5144.801,5045.792,4550.747,5383.156,4528.745,6728.945,7964.724,8173.743,8096.736,8415.765,8632.118,9702.882,10197.927,10630.633,9728.551,9772.555,10318.938,10626.966,10300.603,10722.308,10714.974,10128.254,12086.432,13894.263,12203.776
Japan,JPN,283118.069,293220.654,325222.563,359318.329,386919.838,419743.155,489881.864,562565.471,653958.112,768823.22,797543.164,853373.239,991850.16,966734.877,920941.381,953196.313,999998.234,989312.596,1024787.154,1000592.288,970566.892,942066.968,935323.355,992282.866,968418.03,971832.007,962675.508,1055358.933,1084280.562,1094705.843,1100598.712,1123660.475,1108673.446,1174169.733,1184088.968,1205782.94,1201778.576,1159186.371,1197880.555,1219592.862,1202266.287,1216761.938,1237242.133,1259658.504,1238188.219,1231770.969,1251187.734,1208162.823
Jordan,JOR,979.089,1048.762,1221.111,1243.113,1422.796,1584.144,1415.462,1507.137,1760.16,1558.475,1657.484,1917.841,2203.867,2229.536,2493.56,2951.935,3164.621,3641.331,3795.345,4726.763,5863.533,6292.572,7363.336,8353.426,8540.443,9281.177,9662.545,9314.18,9233.506,10403.279,9798.224,12266.115,12101.1,13633.906,13556.899,14187.623,14418.644,14543.322,14568.991,15507.743,16002.788,16886.535,17469.588,19240.749,21026.578,20733.218,21495.954,21382.277
Kazakhstan,KAZ,,,,,,,,,,,,,,,,,,,,,,,,,,,,,,,,261306.753,221105.432,199488.467,166731.156,140691.789,129580.779,125063.035,116493.256,127769.281,147908.445,151945.812,153815.982,172158.316,177233.444,192121.464,227401.671,236954.206
Kenya,KEN,2401.885,2625.572,2856.593,2827.257,2467.891,2684.244,2702.579,2819.923,3131.618,3083.947,3685.335,3872.352,3920.023,4950.45,4976.119,4609.419,5056.793,5324.484,5038.458,6197.23,6527.26,4693.76,4660.757,4319.726,3769.676,4162.045,5174.137,4789.102,5192.472,5823.196,4840.44,5540.837,6347.577,6556.596,7554.02,9328.848,8265.418,10036.579,10172.258,10417.947,9369.185,7968.391,6754.614,7623.693,8562.445,9574.537,9831.227,10392.278
Kiribati,KIR,7.334,11.001,18.335,18.335,11.001,11.001,22.002,33.003,11.001,22.002,29.336,25.669,36.67,33.003,33.003,33.003,22.002,22.002,25.669,29.336,29.336,25.669,22.002,22.002,22.002,18.335,22.002,22.002,22.002,22.002,22.002,22.002,22.002,22.002,22.002,36.67,29.336,33.003,29.336,33.003,25.669,25.669,25.669,25.669,25.669,29.336,33.003,29.336
"Korea, Dem. Rep.",PRK,,,,,,,,,,,,,,,,,,,,,,,,,,,,,,,,,,,,,,64927.902,71396.49,76966.663,79922.265,76530.29,78209.776,79925.932,83475.588,85034.063,70710.761,78371.124
"Korea, Rep.",KOR,14462.648,17278.904,21103.585,22218.353,25005.273,30014.395,35151.862,37242.052,42522.532,53783.889,58396.975,60230.475,72965.966,75400.854,81576.082,93097.796,105620.601,112855.592,132730.732,134413.885,139078.309,141175.833,150079.309,163045.821,177281.115,181307.481,191388.064,220562.716,234343.302,243815.163,268431.734,286568.716,317085.49,340352.605,370781.371,401030.454,423175.467,363839.74,395005.573,432460.311,440216.016,465584.322,465771.339,482276.506,462918.413,470820.798,498205.954,509170.284
Kosovo,KSV,,,,,,,,,,,,,,,,,,,,,,,,,,,,,,,,,,,,,,,,,,,,,,,,
Kuwait,KWT,9981.574,14290.299,17025.881,25335.303,35419.553,35151.862,25441.646,22442.04,26831.439,25041.943,27139.467,27634.512,24242.537,19328.757,16827.863,18474.346,17220.232,21000.909,17667.606,24675.243,25214.292,21169.591,21609.631,28367.912,29159.984,35320.544,31470.194,32914.992,35885.262,45423.129,10579.295,17612.601,29376.337,34436.797,50329.575,47674.667,49361.487,51088.644,53314.513,59112.04,55144.346,52727.793,61653.271,69529.987,77216.019,71950.207,73002.636,76742.976
Kyrgyz Republic,KGZ,,,,,,,,,,,,,,,,,,,,,,,,,,,,,,,,10861.654,8305.755,6061.551,4473.74,5588.508,5482.165,5823.196,4561.748,4528.745,3780.677,4847.774,5276.813,5606.843,5185.138,5170.47,6461.254,6208.231
Lao PDR,LAO,113.677,132.012,146.68,172.349,179.683,234.688,319.029,168.682,319.029,572.052,421.705,487.711,517.047,293.36,253.023,223.687,231.021,231.021,223.687,187.017,150.347,157.681,179.683,183.35,201.685,209.019,209.019,209.019,234.688,234.688,253.023,278.692,278.692,300.694,315.362,535.382,718.732,894.748,902.082,1059.763,1199.109,1323.787,1356.79,1397.127,1426.463,1518.138,1536.473,1532.806
Latvia,LVA,,,,,,,,,,,,,,,,,,,,,,,,,,,,,,,,14051.944,12068.097,11268.691,9636.876,9548.868,8437.767,7990.393,6743.613,6171.561,6853.623,6651.938,7088.311,7132.315,7176.319,7590.69,7928.054,7590.69
Lebanon,LBN,2651.241,2827.257,3003.273,3263.63,3303.967,3578.992,3512.986,3630.33,4250.053,3905.355,5317.15,5713.186,7161.651,7220.323,6431.918,6123.89,5570.173,5713.186,6153.226,6178.895,6351.244,6112.889,7319.332,7051.641,8056.399,7759.372,7964.724,7656.696,8049.065,9097.827,9497.53,11356.699,11657.393,12742.825,13619.238,13798.921,15647.089,16178.804,16600.509,15353.729,16208.14,16039.458,18221.323,16835.197,17539.261,15027.366,15504.076,17099.221
Lesotho,LSO,,,,,,,,,,,,,,,,,,,,,,,,,,,,,,,,,,,,,,,,,,,,,,,,
Liberia,LBR,161.348,253.023,355.699,484.044,557.384,612.389,612.389,883.747,1272.449,1452.132,1525.472,1507.137,1481.468,1723.49,1485.135,1477.801,1474.134,1507.137,1947.177,2042.519,1939.843,601.388,711.398,700.397,722.399,729.733,766.403,817.741,667.394,484.044,286.026,289.693,322.696,319.029,333.697,344.698,355.699,388.702,407.037,436.373,502.379,502.379,531.715,627.057,740.734,759.069,678.395,608.722
Libya,LBY,1195.442,1048.762,1463.133,663.727,1015.759,2629.239,18507.349,30139.073,35551.565,32331.939,21646.301,15232.718,14587.326,9347.183,11580.386,17916.962,20106.161,21239.264,26032.033,26904.779,28811.619,30762.463,30414.098,28624.602,31418.856,34059.096,32566.627,36398.642,37322.726,40318.665,42489.529,40571.688,42636.209,41862.472,45841.167,41840.47,48598.751,48133.042,47230.96,49753.856,51073.976,47623.329,49167.136,50318.574,52093.402,53780.222,54201.927,58330.969
Liechtenstein,LIE,,,,,,,,,,,,,,,,,,,,,,,,,,,,,,,,,,,,,,,,,,,,,,,,
Lithuania,LTU,,,,,,,,,,,,,,,,,,,,,,,,,,,,,,,,22152.347,17495.257,17359.578,16204.473,15731.43,15339.061,16197.139,13692.578,12200.109,12918.841,13212.201,12915.174,13325.878,14000.606,14293.966,15137.376,15130.042
Luxembourg,LUX,11591.387,11551.05,11448.374,12306.452,12203.776,11620.723,11360.366,12269.782,13193.866,13747.583,13201.2,13494.56,14169.288,14411.31,11844.41,11840.743,10927.66,11848.077,12119.435,11026.669,9427.857,8859.472,8291.087,8929.145,9167.5,9009.819,8643.119,8929.145,9563.536,9893.566,10630.633,11804.073,10821.317,10219.929,8349.759,8437.767,7917.053,7356.002,7686.032,8236.082,8580.78,9424.19,9919.235,11067.006,11327.363,11312.695,10843.319,10502.288
"Macao SAR, China",MAC,69.673,95.342,106.343,128.345,132.012,150.347,165.015,168.682,168.682,205.352,227.354,231.021,223.687,267.691,297.027,253.023,308.028,414.371,414.371,528.048,535.382,484.044,682.062,605.055,733.4,876.413,971.755,964.421,1030.427,1034.094,1092.766,1085.432,1188.108,1283.45,1243.113,1415.462,1499.803,1565.809,1532.806,1635.482,1686.82,1525.472,1536.473,1727.157,1837.167,1631.815,1558.475,1334.788
"Macedonia, FYR",MKD,,,,,,,,,,,,,,,,,,,,,,,,,,,,,,,,10777.313,10340.94,10469.285,10839.652,11741.734,10634.3,12625.481,11723.399,12064.43,11998.424,10934.994,11309.028,11191.684,11246.689,10909.325,11327.363,11815.074
Madagascar,MDG,355.699,396.036,462.042,484.044,557.384,579.386,843.41,913.083,850.744,971.755,1026.76,1287.117,1074.431,1188.108,1694.154,993.757,847.077,1019.426,1122.102,1613.48,1026.76,1012.092,663.727,960.754,1081.765,1177.107,1327.454,1327.454,968.088,986.423,1074.431,1045.095,1070.764,1316.453,1312.786,1411.795,1701.488,1738.158,1925.175,1873.837,1741.825,1235.779,1756.493,1936.176,1705.155,1697.821,1804.164,1910.507
Malawi,MWI,,,,330.03,348.365,429.039,366.7,388.702,381.368,454.708,502.379,546.383,572.052,550.05,579.386,583.053,638.058,671.061,638.058,711.398,605.055,594.054,575.719,557.384,557.384,553.717,546.383,542.716,564.718,612.389,660.06,656.393,693.063,718.732,729.733,711.398,759.069,828.742,997.424,905.749,905.749,883.747,957.087,975.422,916.75,953.42,953.42,1228.445
Malaysia,MYS,,,,,,,,,,14601.994,16677.516,17913.295,17513.592,19050.065,19446.101,23894.172,22610.722,23237.779,27278.813,27997.545,30824.802,30571.779,37971.785,34697.154,36237.294,39984.968,40762.372,42724.217,49882.201,56592.811,68591.235,75298.178,91722.671,94010.879,121132.011,125374.73,124821.013,114186.713,107934.478,126603.175,136716.761,135128.95,160266.235,168040.275,183445.342,179418.976,194919.385,208267.265
Maldives,MDV,,,,,,,,,,,3.667,3.667,3.667,3.667,7.334,11.001,14.668,22.002,29.336,44.004,47.671,47.671,51.338,58.672,66.006,80.674,80.674,95.342,124.678,154.014,172.349,253.023,216.353,220.02,275.025,319.029,366.7,333.697,465.709,498.712,575.719,689.396,597.721,751.735,678.395,869.079,898.415,920.417
Mali,MLI,117.344,139.346,176.016,176.016,198.018,190.684,223.687,198.018,161.348,201.685,227.354,245.689,267.691,304.361,341.031,341.031,414.371,396.036,429.039,392.369,396.036,366.7,418.038,436.373,407.037,381.368,359.366,385.035,418.038,421.705,436.373,443.707,454.708,462.042,469.376,487.711,524.381,517.047,539.049,542.716,546.383,553.717,539.049,564.718,568.385,568.385,579.386,594.054
Malta,MLT,293.36,330.03,410.704,498.712,473.043,414.371,520.714,638.058,652.726,663.727,660.06,839.743,806.74,744.401,667.394,762.736,803.073,935.085,905.749,1023.093,1144.104,1312.786,997.424,1364.124,1199.109,1485.135,1855.502,2013.183,2170.864,2178.198,2200.2,2258.872,2669.576,2658.575,2695.245,2966.603,3241.628,2145.195,2346.88,2064.521,2486.226,2299.209,2581.568,2574.234,2698.912,2574.234,2724.581,2559.566
Marshall Islands,MHL,,,,,,,,,,,,,,,,,,,,,,,,,,,,,,47.671,51.338,55.005,62.339,66.006,66.006,66.006,66.006,69.673,66.006,77.007,80.674,84.341,84.341,88.008,84.341,91.675,99.009,99.009
Mauritania,MRT,47.671,62.339,88.008,117.344,161.348,179.683,198.018,234.688,275.025,429.039,399.703,447.374,469.376,484.044,509.713,517.047,557.384,583.053,605.055,630.724,663.727,883.747,935.085,865.412,656.393,374.034,3285.632,3230.627,2849.259,2665.909,2750.25,2944.601,2962.936,3124.284,2984.938,2999.606,2999.606,1111.101,1199.109,1195.442,1283.45,1411.795,1452.132,1613.48,1657.484,1672.152,1950.844,1998.515
Mauritius,MUS,187.017,253.023,209.019,308.028,304.361,275.025,498.712,638.058,572.052,498.712,396.036,689.396,678.395,693.063,590.387,619.723,641.725,630.724,660.06,590.387,542.716,502.379,597.721,627.057,707.731,799.406,931.418,854.411,1052.429,1463.133,1521.805,1708.822,1774.828,1624.481,1829.833,1950.844,1998.515,2196.533,2467.891,2768.585,2966.603,2981.271,3146.286,3193.957,3410.31,3777.01,3887.02,3953.026
Mexico,MEX,65305.603,63809.467,66361.699,74278.752,75246.84,80930.69,90101.857,93988.877,102287.298,114073.036,126339.151,132459.374,144292.783,155007.757,164472.284,184138.405,192847.53,222649.239,240874.229,268453.736,284529.864,305087.066,281310.238,291885.866,296887.654,303242.565,316524.439,317070.822,331518.802,325603.931,336586.596,342629.812,341441.704,362424.278,345178.377,354877.592,361595.536,372167.497,380814.283,383021.817,393604.779,390781.189,402068.215,405709.546,432665.663,441653.48,449860.226,475833.587
"Micronesia, Fed. Sts.",FSM,,,,,,,,,,,,,,,,,,,,,,,,,,,,,,,,,,,,,,,55.005,55.005,55.005,55.005,55.005,55.005,55.005,55.005,62.339,62.339
Moldova,MDA,,,,,,,,,,,,,,,,,,,,,,,,,,,,,,,,20971.573,15628.754,12090.099,11191.684,11521.714,7099.312,6270.57,4503.076,3512.986,3714.671,3986.029,4290.39,4554.414,4895.445,4994.454,4686.426,4774.434
Monaco,MCO,,,,,,,,,,,,,,,,,,,,,,,,,,,,,,,,,,,,,,,,,,,,,,,,
Mongolia,MNG,1393.46,1972.846,1602.479,2046.186,1958.178,1954.511,2152.529,2482.559,2684.244,2849.259,3036.276,3281.965,3479.983,3751.341,4066.703,4404.067,4972.452,5782.859,6299.906,6879.292,6644.604,6761.948,6996.636,6450.253,9028.154,9673.546,10586.629,11595.054,10568.294,10043.913,12207.443,11078.007,9314.18,7961.057,7924.387,8041.731,7711.701,7708.034,7554.02,7506.349,7884.05,8287.42,8034.397,8551.444,8808.134,9442.525,10560.96,10894.657
Montenegro,MNE,,,,,,,,,,,,,,,,,,,,,,,,,,,,,,,,,,,,,,,,,,,,,2057.187,2471.558,1965.512,1950.844
Morocco,MAR,3777.01,3080.28,3960.36,4422.402,4261.054,5467.497,5416.159,5628.845,5826.863,7293.663,8203.079,8049.065,9640.543,11136.679,11111.01,11547.383,12702.488,13076.522,15958.784,15944.116,15856.108,17058.884,17795.951,17814.286,17865.624,18881.383,20117.162,21176.925,22918.75,23542.14,24975.937,26039.367,28217.565,29640.361,30373.761,31195.169,31862.563,32038.579,33153.347,33905.082,37715.095,38254.144,37561.081,40590.023,42823.226,43992.999,46281.207,47905.688
Mozambique,MOZ,2632.906,1987.514,1661.151,2141.528,2005.849,2126.86,1873.837,2779.586,3241.628,2984.938,3615.662,3300.3,3564.324,3149.953,2885.929,2559.566,2713.58,2874.928,2643.907,3208.625,2489.893,2541.231,1976.513,1536.473,1147.771,982.756,982.756,1012.092,1041.428,1001.091,1026.76,1001.091,1078.098,1070.764,1111.101,1041.428,1125.769,1133.103,1188.108,1349.456,1580.477,1587.811,1917.841,1921.508,1822.499,1980.18,2574.234,2313.877
Myanmar,MMR,2592.569,2882.262,2636.573,2860.26,2728.248,2808.922,3619.329,2929.933,3215.959,4616.753,5104.464,4899.112,4110.707,4675.425,4587.417,4899.112,5174.137,5155.802,5100.797,5526.169,5639.846,5599.509,5775.525,6571.264,6710.61,6791.284,4976.119,4118.041,4462.739,4275.722,4180.38,4888.111,5342.819,6244.901,6959.966,7256.993,7499.015,8078.401,8830.136,8888.808,7348.668,8173.743,9611.207,11470.376,14543.322,13028.851,13047.186,12775.828
Namibia,NAM,,,,,,,,,,,,,,,,,,,,,,,,,,,,,,7.334,14.668,14.668,18.335,29.336,1741.825,1906.84,1903.173,1994.848,1771.161,1763.827,2086.523,2214.868,2361.548,2497.227,2658.575,2852.926,2992.272,3967.694
Nepal,NPL,80.674,88.008,99.009,150.347,179.683,190.684,212.686,253.023,399.703,227.354,198.018,267.691,421.705,425.372,352.032,282.359,337.364,330.03,513.38,542.716,454.708,443.707,495.045,704.064,678.395,704.064,872.746,993.757,913.083,634.391,960.754,1331.121,1466.8,1697.821,2035.185,2486.226,2783.253,2251.538,3219.626,3234.294,3454.314,2709.913,2951.935,2768.585,3234.294,3325.969,3421.311,3542.322
Netherlands,NLD,75888.565,83358.244,91227.626,96867.472,100497.802,103655.089,106783.04,113552.322,115910.203,141934.902,140875.139,157794.677,165645.724,160445.918,153020.243,169683.091,164277.933,170548.503,187812.739,177508.469,164956.328,134322.21,138256.901,145055.519,147948.782,145095.856,152569.202,146914.688,163100.826,164127.586,172704.699,168113.615,172150.982,172745.036,176309.36,186356.94,178278.539,175359.607,163027.486,165363.365,167273.872,172363.668,175040.578,176903.414,172227.989,166841.166,172495.68,173749.794
New Caledonia,NCL,887.414,564.718,619.723,1100.1,1232.112,1510.804,1474.134,1840.834,1558.475,2394.551,2420.22,1705.155,2599.903,2783.253,2530.23,2390.884,2141.528,1543.807,1642.816,2002.182,1393.46,1265.115,1155.105,1206.443,1455.799,1404.461,1459.466,1547.474,1694.154,1624.481,1789.496,1771.161,1771.161,1723.49,1730.824,1763.827,1826.166,1804.164,2035.185,2299.209,2119.526,2427.554,2750.25,2552.232,2801.588,2779.586,2852.926,3149.953
New Zealand,NZL,11767.403,11210.019,12229.445,13105.858,13699.912,14015.274,13641.24,13487.226,14271.964,14194.957,15060.369,16197.139,18210.322,18756.705,18261.66,19226.081,20293.178,17935.297,16519.835,17297.239,16607.843,18224.99,17953.632,19295.754,21389.611,22750.068,24051.853,25470.982,25459.981,24022.517,24458.89,26171.379,25511.319,26439.07,26904.779,29702.7,31063.157,30058.399,31558.202,32698.639,34202.109,33641.058,33714.398,33545.716,33369.7,33553.05,32936.994,33094.675
Nicaragua,NIC,561.051,660.06,843.41,949.753,781.071,960.754,1081.765,1232.112,1287.117,1404.461,1507.137,1606.146,1829.833,1950.844,1928.842,2225.869,2838.258,2632.906,1712.489,2027.851,2141.528,2115.859,2002.182,1851.835,1991.181,2086.523,2508.228,2313.877,1551.141,2643.907,2068.188,2489.893,2302.876,2555.899,2838.258,2926.266,3135.285,3421.311,3626.663,3667,3835.682,3813.68,4114.374,4136.376,3975.028,4239.052,4510.41,4330.727
Niger,NER,55.005,66.006,88.008,95.342,91.675,135.679,132.012,161.348,190.684,216.353,231.021,253.023,330.03,289.693,333.697,333.697,366.7,418.038,480.377,572.052,685.729,748.068,964.421,993.757,997.424,902.082,1001.091,990.09,1041.428,832.409,821.408,784.738,880.08,872.746,920.417,1015.759,1012.092,1074.431,1059.763,795.739,759.069,814.074,880.08,880.08,825.075,817.741,872.746,850.744
Nigeria,NGA,4114.374,4180.38,5350.153,7275.328,11763.736,12907.84,12838.167,6633.603,12112.101,21539.958,32280.601,41426.099,49577.84,62291.329,47395.975,55247.022,50567.93,48294.39,70289.056,68154.862,65958.329,65602.63,59929.781,69625.329,69893.02,73505.015,59343.061,70747.431,42441.858,45375.458,45247.113,64883.898,60061.793,46658.908,34917.174,40421.341,40190.32,40182.986,44788.738,79181.531,83350.91,98125.253,93138.133,97047.155,104043.791,92225.05,88605.721,95756.371
Northern Mariana Islands,MNP,,,,,,,,,,,,,,,,,,,,,,,,,,,,,,,,,,,,,,,,,,,,,,,,
Norway,NOR,13351.547,14077.613,14983.362,16189.805,16409.825,19563.445,19328.757,21140.255,22222.02,28012.213,27198.139,29427.675,30524.108,27693.184,29666.03,29218.656,31202.503,32559.293,33296.36,35034.518,33234.021,32856.32,30091.402,33098.342,34880.504,33644.725,35133.527,33450.374,37286.056,31330.848,32023.911,29677.031,31316.18,29247.992,32999.333,33179.016,34132.436,34594.478,41022.729,38807.861,41092.402,37429.069,42625.208,42665.545,42364.851,44257.023,44924.417,49992.211
Oman,OMN,,,,11.001,25.669,29.336,135.679,161.348,234.688,234.688,2093.857,2090.19,2112.192,2335.879,7256.993,8327.757,8507.44,7796.042,7722.702,6046.883,6017.547,5735.188,7532.018,8060.066,8661.454,9508.531,9083.159,10186.926,9669.879,10351.941,10949.662,12097.433,13468.891,15269.388,15933.115,15225.384,15595.751,16666.515,20817.559,22057.005,20443.525,25544.322,32691.305,31561.869,34653.15,38917.871,40373.67,45749.492
Pakistan,PAK,14645.008,16092.288,18499.536,19019.824,19957.808,20309.552,21555.312,24717.344,23973.552,24317.968,23057.552,18929.054,20036.488,21418.947,23219.444,22838.076,24389.217,26138.376,28250.568,32067.915,34400.127,37385.065,40303.997,42856.229,47175.955,49453.162,53534.533,58213.625,60956.541,68565.566,68242.87,72789.95,78008.091,84839.712,84484.013,94447.252,94711.276,97663.211,100384.125,106449.343,108282.843,114084.037,118895.141,131619.631,136636.087,145854.925,160882.291,163177.833
Palau,PLW,51.338,51.338,55.005,58.672,66.006,66.006,73.34,77.007,132.012,135.679,165.015,172.349,176.016,194.351,194.351,113.677,183.35,110.01,124.678,157.681,157.681,157.681,157.681,157.681,161.348,161.348,161.348,183.35,227.354,234.688,234.688,113.677,110.01,110.01,113.677,117.344,117.344,117.344,117.344,117.344,183.35,183.35,190.684,190.684,194.351,205.352,212.686,212.686
Panama,PAN,1103.767,1191.775,1184.441,1243.113,1529.139,1657.484,1697.821,2020.517,2053.52,2203.867,2603.57,2801.588,3241.628,3021.608,3663.333,3611.995,3461.648,2841.925,3193.957,3454.314,3109.616,2981.271,3212.292,2819.923,2662.242,2768.585,3289.299,2775.919,2471.558,3135.285,3391.975,4015.365,4129.042,4781.768,3472.649,4880.777,5958.875,5947.874,5669.182,5790.193,7007.637,5834.197,6153.226,5797.527,6032.215,6824.287,6651.938,6912.295
Papua New Guinea,PNG,201.685,198.018,256.69,267.691,304.361,341.031,436.373,502.379,557.384,693.063,825.075,1268.782,1345.789,1587.811,1532.806,1573.143,1580.477,1675.819,1796.83,1829.833,1932.509,1947.177,2009.516,2046.186,2126.86,2064.521,2335.879,2200.2,2035.185,2141.528,2064.521,2053.52,1994.848,2181.865,2038.852,2163.53,2555.899,2838.258,2464.224,2687.911,3230.627,3512.986,3967.694,4481.074,4613.086,4594.751,3113.283,2108.525
Paraguay,PRY,363.033,392.369,410.704,432.706,550.05,513.38,487.711,590.387,520.714,744.401,634.391,715.065,869.079,953.42,839.743,1056.096,1184.441,1488.802,1367.791,1532.806,1444.798,1404.461,1455.799,1543.807,1606.146,1749.159,1976.513,2255.205,2343.213,2262.539,2233.203,2621.905,2951.935,3498.318,3964.027,3751.341,4195.048,4503.076,4503.076,3689.002,3821.014,3898.021,4070.37,4088.705,3832.015,3986.029,4136.376,4118.041
Peru,PER,8643.119,9970.573,10234.597,12266.115,11965.421,13256.205,13655.908,14502.985,15302.391,17784.95,18613.692,18173.652,19757.796,21360.275,21965.33,22442.04,23340.455,22460.375,22273.358,24121.526,24103.191,23670.485,20450.859,20692.881,19512.107,21847.986,25782.677,25107.949,21840.652,21169.591,20417.856,20388.52,23556.808,23230.445,23883.171,24363.548,27407.158,27806.861,29358.002,30296.754,27165.136,27187.138,26380.398,31895.566,37418.068,35346.213,43512.622,40535.018
Philippines,PHL,8833.803,10465.618,11598.721,12922.508,14048.277,16186.138,18283.662,22277.025,22889.414,24810.922,27616.177,26472.073,31572.87,30575.446,32603.297,35225.202,37000.03,37729.763,38122.132,36992.696,35019.85,35210.534,35811.922,31752.553,29996.06,30689.123,33593.387,39772.282,40626.693,44532.048,45830.166,50322.241,51290.329,56270.115,63105.403,65642.967,77403.036,75650.21,73020.971,79111.858,77164.681,76057.247,76244.264,78998.181,81066.369,67630.481,78580.143,83156.559
Poland,POL,207434.856,216815.042,231219.018,243114.766,247221.806,252678.302,259282.569,276073.762,293653.36,304441.674,313246.141,329952.993,336128.221,346876.198,375559.472,399035.606,419024.423,432056.941,442489.556,464575.897,410062.275,422211.046,422339.391,433894.108,445899.866,453369.545,465353.301,445976.873,423787.856,366773.34,361591.869,357283.144,352519.711,336161.224,346813.859,358823.284,351049.244,326935.052,317133.161,301691.424,302806.192,296931.658,304856.045,305138.404,303766.946,319410.368,315204.319,316066.064
Portugal,PRT,9090.493,9303.179,10025.578,11023.002,11598.721,11851.744,12409.128,13010.516,14612.995,15258.387,16406.158,18349.668,20003.485,20714.883,21356.608,22423.705,22728.066,24682.577,25984.362,27927.872,27729.854,28474.255,29358.002,29038.973,27711.519,30208.746,32133.921,33758.402,42144.831,43725.308,48239.385,52372.094,47472.982,48767.433,52394.096,50886.959,53376.852,58055.944,64689.547,62966.057,62863.381,66820.074,61275.57,63175.076,65309.27,59108.373,60234.142,56310.452
Puerto Rico,PRI,,,,,,,,,,,,,,,,,,,,,,,,,,,,,,,,,,,,,,,,,,,,,,,,
Qatar,QAT,161.348,190.684,6138.558,6274.237,6292.572,6277.904,6688.608,7080.977,7172.652,7568.688,9152.832,10784.647,12467.8,10487.62,10956.996,10384.944,9926.569,10531.624,14359.972,13098.524,12860.169,12354.123,11268.691,12332.121,12405.461,13296.542,11499.712,11928.751,14326.969,11774.737,17674.94,26802.103,30722.126,30223.414,30824.802,31825.893,36288.632,32401.612,31407.855,34730.157,30098.736,30788.132,35947.601,44777.737,51895.384,57223.535,67934.842,68477.558
Romania,ROU,55775.07,63879.14,69529.987,72115.222,78723.156,84183.319,92129.708,100189.774,111649.149,120112.585,125829.438,132422.704,144960.177,150944.721,162257.416,174765.553,178399.55,193903.626,196074.49,196617.206,198153.679,195773.796,200562.898,189272.205,194343.666,202147.042,212165.286,212777.675,214141.799,158861.774,137530.835,125063.035,122133.102,116808.618,128524.683,127835.287,115987.21,103680.758,89639.815,89984.513,95672.03,92173.712,95939.721,95378.67,94960.632,102001.272,98422.28,94659.938
Russian Federation,RUS,,,,,,,,,,,,,,,,,,,,,,,,,,,,,,,,2220720.532,2030029.198,1752998.349,1692364.504,1668958.043,1577033.687,1511269.709,1534250.798,1553451.21,1544404.721,1537195.399,1584998.411,1602963.044,1615683.867,1669603.435,1667575.584,1708653.318
Rwanda,RWA,139.232,84.341,84.341,36.67,47.671,44.004,40.337,55.005,58.672,58.672,62.339,66.006,69.673,73.34,176.016,267.691,267.691,289.693,297.027,495.045,601.388,608.722,696.73,634.391,616.056,597.721,616.056,696.73,689.396,682.062,630.724,638.058,641.725,619.723,612.389,630.724,652.726,641.725,671.061,685.729,689.396,689.396,682.062,689.396,689.396,689.396,715.065,704.064
Samoa,WSM,18.335,18.335,22.002,25.669,29.336,25.669,25.669,29.336,29.336,29.336,36.67,36.67,36.67,33.003,58.672,47.671,80.674,106.343,95.342,99.009,102.676,113.677,113.677,113.677,113.677,113.677,113.677,113.677,121.011,124.678,124.678,128.345,128.345,121.011,132.012,132.012,132.012,132.012,139.346,139.346,143.013,143.013,150.347,154.014,157.681,157.681,161.348,161.348
San Marino,SMR,,,,,,,,,,,,,,,,,,,,,,,,,,,,,,,,,,,,,,,,,,,,,,,,
Sao Tome and Principe,STP,11.001,11.001,7.334,11.001,11.001,11.001,11.001,14.668,14.668,14.668,11.001,11.001,14.668,18.335,18.335,29.336,29.336,33.003,33.003,40.337,44.004,47.671,55.005,51.338,55.005,58.672,58.672,66.006,66.006,66.006,69.673,73.34,73.34,73.34,77.007,77.007,77.007,80.674,88.008,88.008,91.675,106.343,110.01,113.677,128.345,128.345,128.345,128.345
Saudi Arabia,SAU,3571.658,6255.902,6945.298,7047.974,4220.717,6413.583,25507.652,29104.979,35302.209,45291.117,59808.77,70344.061,95136.648,98788.98,83336.242,101550.231,118176.409,115132.799,138135.89,169404.399,175491.619,158091.704,161050.973,155715.488,172653.361,204878.957,190706.002,202554.079,203738.52,215054.882,268475.738,286807.071,315567.352,310616.902,234856.682,258516.166,216826.043,207288.176,227229.322,297749.399,295842.559,323458.736,323671.422,346018.12,367033.697,383399.518,397121.432,433556.744
Senegal,SEN,814.074,814.074,861.745,924.084,1694.154,1719.823,700.397,,491.378,1309.119,1353.123,1455.799,1551.141,1851.835,2581.568,1774.828,2244.204,2629.239,2900.597,3351.638,3296.633,3054.611,2632.906,3307.634,2676.91,2662.242,2453.223,2742.916,3696.336,3182.956,3424.978,3479.983,3593.66,3901.688,3494.651,3740.34,3263.63,3428.645,3700.003,3938.358,4330.727,4547.08,5012.789,5280.48,5859.866,4789.102,5372.155,4976.119
Serbia,SRB,,,,,,,,,,,,,,,,,,,,,,,,,,,,,,,,45349.789,39489.923,38415.492,40579.022,47472.982,51033.639,53699.548,37044.034,41147.407,44213.019,47267.63,50542.261,55225.02,46567.233,48958.117,48811.437,49933.539
Seychelles,SYC,,,7.334,7.334,7.334,7.334,7.334,7.334,7.334,29.336,33.003,44.004,47.671,55.005,58.672,80.674,84.341,77.007,121.011,95.342,99.009,84.341,99.009,99.009,150.347,165.015,201.685,198.018,234.688,113.677,143.013,165.015,161.348,187.017,190.684,198.018,414.371,440.04,513.38,564.718,641.725,542.716,557.384,773.737,696.73,744.401,623.39,682.062
Sierra Leone,SLE,289.693,326.363,370.367,304.361,282.359,300.694,253.023,385.035,1107.434,872.746,803.073,678.395,539.049,520.714,524.381,451.041,513.38,711.398,678.395,608.722,693.063,553.717,689.396,616.056,663.727,674.728,498.712,458.375,374.034,388.702,469.376,473.043,506.046,583.053,586.72,623.39,634.391,594.054,583.053,630.724,858.078,1191.775,1224.778,1067.097,1261.448,1239.446,1312.786,1334.788
Singapore,SGP,2093.857,2577.901,3399.309,3703.67,2530.23,674.728,3058.278,5419.826,7205.655,18210.322,16593.175,22240.355,21220.929,21968.997,24543.231,30036.397,28309.24,33164.348,36123.617,31433.524,26849.774,29750.371,34997.848,33402.703,33417.371,35027.184,32599.63,36105.282,41888.141,46941.267,47425.311,50267.236,54627.299,65367.942,47109.949,55305.694,69240.294,57293.208,50263.569,47623.329,42764.554,42060.49,34653.15,40769.706,50281.904,47865.351,36013.607,32295.269
Sint Maarten (Dutch part),SXM,,,,,,,,,,,,,,,,,,,,,,,,,,,,,,,,,,,,,,,,,,,,,,,,
Slovak Republic,SVK,,,,,,,,,,,,,,,,,,,,,,,,,,,,,,,,45646.816,40971.391,40351.668,43508.955,42793.89,41983.483,43230.263,39863.957,36530.654,39357.911,39251.568,39493.59,38749.189,39174.561,38928.872,36592.993,37557.414
Slovenia,SVN,,,,,,,,,,,,,,,,,,,,,,,,,,,,,,,,12970.179,13116.859,11257.69,14513.986,15185.047,16208.14,15522.411,15144.71,14601.994,15148.377,15401.4,15485.741,15716.762,15870.776,16230.142,16193.472,17157.893
Solomon Islands,SLB,14.668,14.668,14.668,18.335,25.669,25.669,33.003,36.67,36.67,40.337,47.671,55.005,66.006,66.006,58.672,62.339,80.674,62.339,110.01,102.676,135.679,121.011,143.013,143.013,150.347,154.014,161.348,157.681,161.348,161.348,161.348,161.348,157.681,154.014,161.348,161.348,161.348,161.348,165.015,165.015,172.349,172.349,179.683,179.683,179.683,179.683,198.018,198.018
Somalia,SOM,88.008,106.343,102.676,135.679,132.012,139.346,227.354,154.014,161.348,216.353,187.017,234.688,264.024,330.03,502.379,480.377,799.406,557.384,487.711,814.074,275.025,718.732,935.085,715.065,858.078,924.084,993.757,1008.425,957.087,18.335,3.667,11.001,11.001,11.001,11.001,,,,,517.047,502.379,572.052,575.719,575.719,579.386,575.719,630.724,649.059
South Africa,ZAF,102213.958,105767.281,109826.65,119657.877,128260.659,128356.001,133885.837,138084.552,143280.691,149763.947,168568.323,171725.61,173533.441,176734.732,185201.835,193115.221,199950.509,202099.371,218908.899,228454.1,257368.395,280749.187,292230.564,315948.72,324214.138,330855.075,329025.242,343055.184,341108.007,333513.65,346337.149,324852.196,342549.138,358929.627,353458.463,358639.934,371327.754,372218.835,371034.394,368610.507,362743.307,347686.605,380810.616,414165.648,408199.439,405709.546,433358.726,435877.955
South Sudan,SSD,,,,,,,,,,,,,,,,,,,,,,,,,,,,,,,,,,,,,,,,,,,,,,,,
Spain,ESP,53677.546,60054.459,58822.347,64410.855,71117.798,77729.399,86519.198,97157.165,96882.14,116929.629,128873.048,145308.542,155532.138,173566.444,181670.514,198124.343,196235.838,199932.174,203800.859,215003.544,207288.176,209906.414,204867.956,198824.74,201861.016,190515.318,190918.688,199279.448,226671.938,227592.355,235080.369,245098.613,226954.297,244658.573,257229.049,254328.452,264460.373,274683.969,282384.669,294441.765,297833.74,314525.924,321097.188,339428.521,353462.13,350037.152,358236.564,329285.599
Sri Lanka,LKA,2335.879,2563.233,2533.897,2273.54,2658.575,2662.242,2948.268,3241.628,4319.726,3597.327,3179.289,3443.313,3589.993,2856.593,2827.257,2717.247,2838.258,3366.306,3747.674,3322.302,3975.028,4415.068,4803.77,3762.342,3854.017,3545.989,3960.36,3377.307,3395.642,3773.343,4063.036,5056.793,4902.779,5408.825,5797.527,6952.632,7506.349,7763.039,8536.776,10161.257,10245.598,11008.334,10659.969,11965.421,11642.725,11741.734,12313.786,11763.736
St. Kitts and Nevis,KNA,,,,,,,,,,,,,,,,,,,,,55.005,66.006,51.338,51.338,51.338,58.672,55.005,66.006,66.006,66.006,73.34,73.34,84.341,88.008,95.342,102.676,102.676,102.676,102.676,102.676,183.35,198.018,220.02,227.354,234.688,234.688,249.356,249.356
St. Lucia,LCA,18.335,18.335,22.002,22.002,25.669,29.336,33.003,36.67,62.339,66.006,69.673,77.007,80.674,73.34,77.007,84.341,69.673,99.009,150.347,113.677,95.342,113.677,102.676,113.677,128.345,132.012,146.68,165.015,165.015,165.015,172.349,205.352,227.354,264.024,311.695,330.03,311.695,308.028,319.029,330.03,363.033,326.363,359.366,355.699,366.7,366.7,385.035,396.036
St. Martin (French part),MAF,,,,,,,,,,,,,,,,,,,,,,,,,,,,,,,,,,,,,,,,,,,,,,,,
St. Vincent and the Grenadines,VCT,11.001,11.001,14.668,18.335,14.668,18.335,18.335,22.002,29.336,29.336,29.336,36.67,40.337,33.003,33.003,33.003,33.003,36.67,29.336,36.67,36.67,40.337,40.337,66.006,66.006,66.006,77.007,66.006,77.007,80.674,77.007,84.341,102.676,121.011,132.012,135.679,135.679,165.015,168.682,157.681,179.683,187.017,194.351,194.351,198.018,201.685,201.685,201.685
Sudan,SDN,1386.126,1485.135,1679.486,1859.169,2427.554,2643.907,3186.623,3105.949,4184.047,4855.108,4983.453,5379.489,5427.16,5683.85,4239.052,3755.008,3806.346,3439.646,3571.658,3747.674,3641.331,3828.348,3909.022,3505.652,4074.037,4250.053,3351.638,4847.774,3758.675,5559.172,5386.823,4756.099,2907.931,4444.404,4602.085,4268.388,5419.826,4697.427,5093.463,5533.503,6369.579,8118.738,9072.158,10377.61,11994.757,11683.062,12676.819,14051.944
Suriname,SUR,429.039,495.045,531.715,605.055,795.739,1096.433,1334.788,1452.132,1521.805,1609.813,1716.156,1745.492,2108.525,1602.479,2020.517,1998.515,1899.506,2394.551,2295.542,2372.549,2031.518,1873.837,1375.125,1554.808,1598.812,1760.16,1760.16,1877.504,1855.502,1811.498,2101.191,2112.192,2156.196,2163.53,2181.865,2130.527,2141.528,2163.53,2152.529,2126.86,2266.206,2251.538,2240.537,2284.541,2379.883,2438.555,2438.555,2438.555
Swaziland,SWZ,3.667,,,11.001,80.674,201.685,227.354,278.692,304.361,366.7,399.703,381.368,370.367,311.695,337.364,333.697,341.031,440.04,447.374,465.709,436.373,436.373,271.358,333.697,440.04,458.375,436.373,436.373,436.373,425.372,326.363,264.024,132.012,484.044,454.708,341.031,1202.776,1213.777,1239.446,1188.108,1144.104,1125.769,1041.428,1030.427,1019.426,1015.759,1063.43,1092.766
Sweden,SWE,48851.774,51326.999,55371.7,60432.16,62628.693,72591.932,69001.939,77685.395,86467.86,92379.064,84590.356,84781.04,87366.275,79889.262,80824.347,88308.694,85804.133,79533.563,84927.72,71759.523,69430.978,62291.329,58297.966,57333.545,62394.005,62038.306,59717.095,57443.555,55536.715,51708.367,55401.036,57131.86,53149.498,56435.13,53560.202,60549.504,54513.622,54953.662,51106.979,49794.193,51128.981,57425.22,54781.313,54506.288,51550.686,49559.505,48045.034,49049.792
Switzerland,CHE,20388.52,24150.862,29101.312,28166.227,30370.094,31525.199,32559.293,36028.275,38096.463,40296.663,41943.146,42973.573,46262.872,41481.104,39097.554,40483.68,41085.068,42218.171,39911.628,40538.685,38859.199,36629.663,40069.309,39174.561,39827.287,42295.178,40252.659,40711.034,39530.26,42966.239,42350.183,43325.605,41022.729,41470.103,39387.247,40025.305,41580.113,41913.81,40700.033,39093.887,42999.242,40769.706,40241.658,40443.343,41374.761,41877.14,38019.456,40392.005
Syrian Arab Republic,SYR,3065.612,3204.958,3611.995,4367.397,3678.001,4917.447,4609.419,5962.542,7242.325,6659.272,8885.141,7766.706,7895.051,9666.212,11184.35,13758.584,14664.333,15221.717,22548.383,20802.891,26637.088,24488.226,27960.875,33091.008,29651.362,31352.85,36226.293,36945.025,34565.142,37451.071,43193.593,44436.706,47117.283,48532.745,51558.02,51022.638,52295.087,62709.367,64913.234,63589.447,60908.87,55987.756,70091.038,67520.471,64396.187,68220.868,70897.778,71598.175
Tajikistan,TJK,,,,,,,,,,,,,,,,,,,,,,,,,,,,,,,,7220.323,5170.47,2354.214,2449.556,2827.257,2152.529,2497.227,2519.229,2236.87,2291.875,1881.171,2075.522,2233.203,2291.875,2420.22,3245.295,3146.286
Tanzania,TZA,,,,,,,,,,1767.494,2464.224,2167.197,3186.623,2306.543,2284.541,2790.587,2013.183,2203.867,2071.855,1884.838,2123.193,2167.197,2218.535,2368.882,2357.881,2299.209,2390.884,2288.208,2207.534,2372.549,2434.888,2361.548,2636.573,2445.889,3553.323,3461.648,2882.262,2555.899,2537.564,2651.241,3127.951,3589.993,3806.346,4352.729,5086.129,5379.489,6039.549,6464.921
Thailand,THA,4147.377,5034.791,5570.173,7480.68,7451.344,9479.195,12167.106,17099.221,14561.657,15375.731,19248.083,21836.985,24455.223,24246.204,24407.552,28778.616,32159.59,35067.521,36736.006,40116.98,38048.792,37905.779,42449.192,45965.845,48668.424,49702.518,56944.843,67003.424,78891.838,95833.378,116148.558,126830.529,142554.625,158278.721,181461.495,202711.76,210064.095,186503.62,196947.236,201549.321,217086.4,230635.965,245674.332,267760.673,275164.346,283987.148,282091.309,285732.64
Timor-Leste,TLS,,,,,,,,,,,,,,,,,,,,,,,,,,,,,,,,,,,,,,,,,,161.348,161.348,176.016,176.016,179.683,183.35,190.684
Togo,TGO,91.675,88.008,106.343,132.012,132.012,179.683,198.018,194.351,242.022,275.025,315.362,399.703,403.37,377.701,311.695,322.696,462.042,355.699,1382.459,718.732,627.057,733.4,546.383,608.722,550.05,707.731,766.403,792.072,836.076,773.737,843.41,836.076,865.412,832.409,953.42,1059.763,986.423,1166.106,1536.473,1356.79,1162.439,1232.112,1463.133,1397.127,1338.455,1221.111,1316.453,1419.129
Tonga,TON,11.001,11.001,11.001,11.001,11.001,11.001,14.668,14.668,11.001,25.669,18.335,22.002,25.669,22.002,33.003,29.336,29.336,36.67,40.337,40.337,47.671,44.004,47.671,47.671,47.671,47.671,55.005,69.673,69.673,77.007,91.675,88.008,102.676,106.343,110.01,110.01,113.677,110.01,128.345,121.011,139.346,143.013,176.016,172.349,172.349,172.349,176.016,176.016
Trinidad and Tobago,TTO,4602.085,7238.658,1309.119,3795.345,5196.139,4055.702,4638.755,4041.034,3905.355,8998.818,8104.07,8243.416,9398.521,10051.247,9622.208,15925.781,16175.137,15328.06,16725.187,16937.873,17260.569,18426.675,16303.482,17535.594,20755.22,17385.247,17520.926,15867.109,16142.134,16959.875,21048.58,20986.241,16820.529,19853.138,20967.906,21781.98,19229.748,19317.756,22816.074,24513.895,25023.608,26890.111,27696.851,31554.535,30949.48,34480.801,37036.7,49772.191
Tunisia,TUN,1767.494,1796.83,1947.177,2757.584,2464.224,2885.929,3087.614,3597.327,3857.684,3744.007,4213.383,4737.764,4829.439,5397.824,5548.171,5848.865,6758.281,7491.681,8771.464,9490.196,9820.226,9526.866,11305.361,11547.383,11939.752,12064.43,11749.068,12464.133,13234.203,13267.206,15489.408,15023.699,16501.5,15940.449,15735.097,16758.19,16945.207,18001.303,18331.333,19922.811,20817.559,21015.577,21396.945,22445.707,22801.406,23127.769,23868.503,25012.607
Turkey,TUR,17363.245,21631.633,22669.394,26336.394,27388.823,31547.201,33523.714,36314.301,38807.861,42639.876,47733.339,53857.229,59486.074,61136.224,65697.972,73721.368,81572.415,77256.356,75576.87,75763.887,79874.594,86988.574,90541.897,95796.708,106717.034,116881.958,129907.142,126309.815,139316.664,150790.707,151799.132,154494.377,164259.598,161659.695,176705.396,192499.165,202887.776,205421.673,196767.553,216147.648,194538.017,205678.363,218509.196,225406.823,237368.577,261570.777,284658.209,283979.814
Turkmenistan,TKM,,,,,,,,,,,,,,,,,,,,,,,,,,,,,,,,28067.218,27663.848,33476.043,34620.147,31363.851,29930.054,26046.701,35115.192,35646.907,39680.607,41074.067,43160.59,39640.27,41759.796,43871.988,45866.836,47839.682
Turks and Caicos Islands,TCA,,,,,,,,,,,,,,,,,,,,,,,,,,,,,,,,,,,11.001,11.001,11.001,14.668,14.668,14.668,14.668,99.009,102.676,102.676,121.011,143.013,157.681,157.681
Tuvalu,TUV,,,,,,,,,,,,,,,,,,,,,,,,,,,,,,,,,,,,,,,,,,,,,,,,
Uganda,UGA,407.037,429.039,432.706,491.378,627.057,733.4,810.407,982.756,1177.107,1444.798,1441.131,1382.459,1180.774,1195.442,1133.103,990.09,806.74,700.397,616.056,649.059,524.381,546.383,619.723,586.72,605.055,689.396,729.733,854.411,817.741,817.741,850.744,861.745,821.408,744.401,957.087,1052.429,1133.103,1338.455,1393.46,1532.806,1631.815,1705.155,1719.823,1833.5,2339.546,2706.246,3204.958,3747.674
Ukraine,UKR,,,,,,,,,,,,,,,,,,,,,,,,,,,,,,,,641680.996,546111.642,447010.967,445943.87,412335.815,341196.015,328636.54,332549.229,320774.492,321650.905,318684.302,352259.354,343121.19,339028.818,327796.797,328856.56,323532.076
United Arab Emirates,ARE,11.001,18.335,22.002,18.335,22.002,25.669,916.75,1243.113,20524.199,15247.386,21184.259,23454.132,30630.451,31327.181,31070.491,39651.271,38785.859,44814.407,36607.661,36904.688,36857.017,36871.685,35342.546,46394.884,49926.205,47234.627,47693.002,48367.73,54487.953,52009.061,57010.849,58136.618,65980.331,73130.981,70641.088,41059.399,41646.119,81495.408,78374.791,112562.232,101333.878,84300.663,106365.002,112877.594,115627.844,122752.825,137981.876,155066.429
United Kingdom,GBR,588938.535,593360.937,603822.888,608355.3,622619.93,618564.228,592517.527,606969.174,628857.497,653063.364,660863.073,648486.948,660034.331,617607.141,603643.205,598912.775,604746.972,605084.336,644893.288,579290.658,560819.979,548520.861,545741.275,529335.117,559855.558,568777.369,571868.65,570464.189,581721.879,570218.5,593808.311,587453.4,567523.255,563775.581,564523.649,580680.451,554215.712,554138.705,535550.682,543662.086,550552.379,531942.354,540636.811,545719.273,542473.978,543273.384,529621.143,522855.528
United States,USA,2880505.507,2987207.873,3119230.874,3255995.306,3390922.571,3561878.111,3695708.943,3831354.94,4024748.853,4328904.501,4356770.034,4564952.958,4770194.948,4598487.673,4406329.539,4613100.668,4742292.745,4889112.091,4900373.448,4721170.825,4531792.277,4300598.928,4334925.715,4470326.023,4486460.823,4491176.585,4684431.152,4888664.717,4951084.391,4879376.206,4870238.042,4876006.233,5167485.062,5227176.488,5237968.469,5343512.063,5501365.412,5449077.659,5528149.18,5512399.415,5389928.949,5437816.302,5471754.387,5563799.754,5595357.956,5514775.631,5581537.033,5461013.744
Uruguay,URY,4121.708,4011.698,4319.726,4558.081,5522.502,5405.158,4884.444,4884.444,5595.842,5742.522,5808.528,6076.219,5775.525,5683.85,5969.876,5896.536,5650.847,5742.522,6277.904,5837.864,5375.822,4873.443,3817.347,3450.647,3296.633,3179.289,3560.657,4807.437,4880.777,3993.363,4554.414,5170.47,4466.406,4066.703,4591.084,5441.828,5555.505,5687.517,6725.278,5306.149,5089.796,4620.42,4598.418,5610.51,5775.525,6648.271,5999.212,8327.757
Uzbekistan,UZB,,,,,,,,,,,,,,,,,,,,,,,,,,,,,,,,114014.364,118532.108,110981.755,100912.173,103189.38,101781.252,117571.354,117421.007,119951.237,122037.76,126914.87,122683.152,119272.842,109599.296,115345.485,115840.53,124905.354
Vanuatu,VUT,,40.337,33.003,62.339,47.671,77.007,84.341,62.339,44.004,40.337,58.672,62.339,55.005,62.339,55.005,44.004,51.338,58.672,62.339,62.339,51.338,51.338,55.005,55.005,121.011,58.672,47.671,66.006,62.339,69.673,66.006,66.006,66.006,66.006,66.006,84.341,88.008,84.341,84.341,80.674,84.341,84.341,88.008,88.008,55.005,47.671,80.674,91.675
"Venezuela, RB",VEN,51928.387,54106.585,56204.109,56603.812,60787.859,57029.184,65815.316,65635.633,68998.272,74561.111,62562.687,62577.355,66501.045,75133.163,63816.801,57344.546,63732.46,68690.244,76570.627,90802.254,91968.36,93405.824,93101.463,93218.807,101278.873,109529.623,110981.755,116097.22,108854.895,122162.438,115440.827,105873.624,124355.304,129947.479,133236.778,122752.825,133962.844,167321.543,172616.691,152415.188,172525.016,193261.901,192103.129,168278.63,159584.173,153595.962,163555.534,169532.744
Vietnam,VNM,,,,,,,,,,28199.23,24528.563,23058.096,25096.948,19083.068,21800.315,13923.599,15276.722,15419.735,16281.48,16820.529,17726.278,18382.671,19317.756,17550.262,21165.924,23091.099,25969.694,23182.774,17509.925,21407.946,21451.95,22387.035,22970.088,26303.391,29247.992,34378.125,45283.783,47781.01,48026.699,53582.204,61631.269,71348.819,79438.221,101678.576,104084.128,83735.945,112290.874,127384.246
Virgin Islands (U.S.),VIR,,,,,,,,,,,,,,,,,,,,,,,,,,,,,,,,,,,,,,,,,,,,,,,,
West Bank and Gaza,PSE,,,,,,,,,,,,,,,,,,,,,,,,,,,,,,,,,,,,,414.371,608.722,660.06,799.406,1353.123,1166.106,1279.783,1866.503,2742.916,2266.206,2324.878,2053.52
"Yemen, Rep.",YEM,2665.909,3887.02,2918.932,3633.997,3931.024,3465.315,3054.611,11646.392,4679.092,2511.895,1972.846,1496.136,2731.915,2247.871,2170.864,2566.9,2981.271,3105.949,3223.293,3318.635,4231.718,5947.874,6329.242,7172.652,8657.787,8269.085,8683.456,9603.873,9996.242,9596.539,10109.919,14381.974,9431.524,11367.7,11250.356,14935.691,15474.74,12200.109,13894.263,14638.664,16252.144,15764.433,17304.573,18881.383,20043.822,20791.89,21976.331,23384.459
Zambia,ZMB,,,,3278.298,3916.356,3501.985,4792.769,4572.749,4275.722,3769.676,3791.678,4066.703,4591.084,4202.382,4081.371,4026.366,3744.007,3476.316,3604.661,3531.321,3366.306,3520.32,3270.964,2819.923,2753.917,2889.596,2702.579,3142.619,2603.57,2445.889,2416.553,2456.89,2500.894,2420.22,2170.864,1870.17,2390.884,2313.877,1807.831,1818.832,1906.84,1969.179,2101.191,2108.525,2258.872,2284.541,1719.823,1888.505
Zimbabwe,ZWE,,,,4473.74,5214.474,6046.883,5298.815,6384.247,6750.947,8162.742,8742.128,8225.081,9281.177,9057.49,8320.423,10868.988,9299.512,9295.845,9449.859,9636.876,9435.191,8811.801,10461.951,9922.902,10263.933,13127.86,15240.052,16101.797,16186.138,15504.076,15823.105,16901.203,16208.14,17645.604,15130.042,14994.363,14407.643,14253.629,15834.106,13886.929,12563.142,11932.418,10626.966,9926.569,10773.646,10344.607,9618.541,9075.825